"path","bytes","sha256"
".gitattributes","131","83b2a2a7e2f2b6092a8b627d0e3db1dc9736bf326c558e3cdfac1cd6739b6015"
".gitignore","608","076778d13e99a7fb890b79df1eee84e1cca96cb425b9152c0cb541a50e0b2a31"
"CHANGES_2026-07-30.md","724","683d09a8a600d63a4d788e80542a61dc7b280adf2916859742d87dca11143961"
"CITATION.cff","361","b5ebe67ffeeda09e63c9ce5705229452bb6ce0a3cdde6be60d92d8ba6939900d"
"config/config.R","6523","8b3445a7b5e9b6c6e0f8cf3b6afaa919ecd68fe6c29538191616d7e03c17f6f0"
"config/paths_example.R","262","3d074d5240c9ff6d19ab67b4e2ae40e1d5a03a946b32509b147a82608befa365"
"config/seeds.csv","463","29ffd8429052b8fd9b7dd15d89793a92cc25572c11254feb2e8eed7690defb47"
"config/simulation_config.R","6693","99a7fd0c5c98f12a21f95c789a85b7ed9db9c3cf4d45c29d8efe8f39913b9159"
"data/README.md","1542","9593e659886d40527d14cd8c90bef76ef805c8a107b4293c30e33526af3dbe26"
"DEPENDENCIES.md","1234","7eba665d1a39889db3f69fdba46c1b2c0051e97c07447da93912805211fb3f2b"
"DESCRIPTION.md","1528","096baf863017465c31fe2b12542a23aa2decc71954b7275ba1437f3a3227b5fe"
"docs/rapport_technique_simulation_stan.pdf","2135981","b5267b1cb341e037250a84b27de08f4e08100d78c6f839a53be822ac2f1c4453"
"docs/resultats_chapitre_3.pdf","1553310","8c1d160bf1c5abb2b74db1de2a55373628643f88ab29a1c498292fd69484f882"
"figures/main/actuarial_primary_survival.pdf","17746","35cc2df547c77532a89e48505baa57da40143b267f4fa4931268f2e445102052"
"figures/main/best_frequency.pdf","31110","e73b8d6525c460c10f556c698e430eab7f456468801fdc9859f9b90eaf4c1230"
"figures/main/coefficient_magnitudes.pdf","32574","7f16ae5a004b792fd04ecdd9c7922314fbf84e53b61da746d287fa575acd92f0"
"figures/main/diagnostics_overview.pdf","40529","3d54ccddd8a0d84dc903506d3ad7febf2dffc59eecd876c8851ec1aa90ced83a"
"figures/main/figure_02_empirique_log_taux_mortalite_echelle_couleur.pdf","40091","229b954b49a5d3d635079f24d408e28f3eb29227f99c9b87f4f1f36cf099bde6"
"figures/main/figure_02_recuperation_surfaces_poids.pdf","38094","851ce51edcf634e3d3be4cfed8da9624956c68eb33f41f410fb069740c238cf2"
"figures/main/figure_06_surfaces_poids_age_horizon_echelle_commune.pdf","48636","931af1d127faa4faebaddeee64b3c36f3668442907ed6ef8e2e610d6854ea4e8"
"figures/main/figure_10_heterogeneite_performances_individuelles.pdf","38736","c0e07291e13f38dabadff345fdeea05c2bb94d138f991c5f2e00429d0550fe67"
"figures/main/figure_12_performance_predictive_scenarios.pdf","42199","cd8da40a830d0e5a2885112db32087c1583a3bc06e24391e1bded16431ad2f45"
"figures/main/figure_14_poids_stacking_age_horizon.pdf","46217","d7efe92d9a6689050466080787edb8899a498993e69b9e618e6e786da0e0a7f7"
"figures/main/figures_15_17_performance_stacking_age_horizon.pdf","57028","61a81905003a25aa4eb70fdeeb97d7b63a816333e071d3b7ebc007b944c491d4"
"figures/main/low_information_detail.pdf","37768","49903769025410c4bfa49c9733094494e26cc8313ba110d1a9ba7dd18156fa2f"
"figures/main/predictive_performance.pdf","37759","7f4546c51a579c3be3d564ee71f00ae33520de55db69e78a68d516d0311607bc"
"figures/main/recovery_quality.pdf","36799","9d6e4ff61eee9056ca40b022f15fd2d34388a2d956f05d6a8046a3c1990c105b"
"figures/main/rmse_distributions.pdf","34545","a3d7d5f7f583fbc98c56916c16fda2e2787525cb41d0fddb27dacc4d7a2641da"
"figures/main/surface_errors_age_horizon.pdf","67173","f97a6e665201b80080806d75253ad5a315a4e6069539e666575cce85a7bc430a"
"figures/main/surface_errors_constant_weights.pdf","64555","5433be25ca4574de3e4ec478b3dba7d890569bc66c91feff548aec27947bfb65"
"figures/main/surface_errors_horizon_only.pdf","65250","db9fd2bfec91128a5edb14fe39aa25e97010764de2db01b717d514fcda6869de"
"figures/main/surface_errors_low_information.pdf","63977","7ca301ecf2141b8a76baa49d6fbcda2e3150015cd6455e8624116649fd6a7224"
"figures/main/surfaces_age_horizon.pdf","76801","6f8161e3c8acf2c5e50a00ff3f10ee26da023c89eece59510370419589d3ab89"
"figures/main/surfaces_constant_weights.pdf","71842","015da516c7a6508547c1308df388df54fbeca3137becab4ab9272285569574b9"
"figures/main/surfaces_horizon_only.pdf","73798","8d6ca2ffa7e09166515270054dc6f93a35a9231a9e1e2db778678797b7170a1a"
"figures/main/surfaces_low_information.pdf","71804","a5846a28ea4e6ef2a70fcd65a252d998150ff7d0bd6a8c35b28250362dce6762"
"figures/main/tau_distributions.pdf","34625","43f76d94d1d2330617ec56b6008cd3fc9daacc94be83330a56d8258f14d58a91"
"figures/validation/validation_metrics.pdf","39109","04ff1f350d8e82d70b3f82e6bec25bb21b2b51d84a349f23479072cd9937590f"
"figures/validation/validation_tau.pdf","30597","3ef41dab50df4f4db84b3f1f734aafb661549c12d552dab2581541e14b185888"
"figures/validation/validation_weight_heatmaps.pdf","53060","2377b7da9bb1fda0c2888336895ec2749d4f7b12b1f5f55248211e0f298a6b88"
"figures/validation/validation_weights_scatter.pdf","644034","8b8d0bc3df51ab68b2163a95e3c3e3a070fca71bb783e3cbe777b35027eef892"
"LICENSE","1221","fb7ac3ef95bed28dfd13d9d23782df8bf1d00a8e1c4acad3d3e63f496a04b2d7"
"R/actuarial.R","8406","4f42152487707998fa86d19d73ac5c925188a8271eda1b6aa29c6861a2fdd35f"
"R/aggregation.R","14266","8e28b414e261394746f6d197fdcdc4224052d712e34d5aa2339c6544c09f9b29"
"R/data.R","6727","402eaa1c8f60b265e608b7ecb6701fa7393987532f735c66b28e68f8fc8c250c"
"R/forecasting.R","8569","5ca53c7185a01e48d1a16db61697cf1959220dfaf0d6dbf06925a6a091b21a96"
"R/metrics.R","9092","ce754bdb0ae9da871dddbcb2be3b5b39d10c11c1f8e5480c59e00fb48b815484"
"R/model_fitting.R","10027","6679dc19452ddab807f7690b41ae50b48c34613e068b2074cf6d98d2215c5d53"
"R/plotting.R","3327","75b0b0d6b3684bdae84747cd43c7b4a6ddf44db66acbdec191fc26b386bd71e5"
"R/reporting.R","12319","360b528c055f73d488e52fc7daaf5a1dac4723ef0332ba216610c228e608a88d"
"R/simulation_study.R","59327","4604a88dc209126a1f0ca8087ce163c32492f61876c7f458a6b99707adac16b0"
"R/utils.R","5727","8a9fba58756b7e06fe713bac7b4f5657ac90e63189d2610ef6825e9c6e50a0cf"
"README.md","8118","e0ec11062b5717e9b3aa9c2043bca54568e068a28332ad8fa3dac3bf4ccf4f8f"
"results/diagnostics/diagnostics_all_attempts.csv","38359","8ac0f639278e7dfd028a41d939d368a81beca809eeda6aa911dc2cf9fa47bbf6"
"results/diagnostics/diagnostics_by_repetition.csv","35407","31003e7e4a008ff5ce4a308aa0bcdcd33655a201882575e6db47d92dab473e17"
"results/diagnostics/diagnostics_by_scenario.csv","325","1a891c67b69f2f600848983ce12ad7c84287bde58c6132de06b4084742604237"
"results/summaries/parameters_by_repetition.csv","380489","126f1fd837045b6852ed24ed608324a8e54539984ec5a0a966145e65349851da"
"results/summaries/performance_by_repetition.csv","30430","406a2550527291e64e5bd84921542066bf3bc905a60f7211e7e97df8a9913c48"
"results/summaries/simulation_summary.csv","1584","9a7517c43e43211d5d098b2437780f55e70a7f56f8ab1a243b4e5a693ef3de54"
"results/summaries/simulation_weight_recovery.csv","2908","12501b292de91a89a498769725ce7aa003cb8abc855c9ad3eae2987a5e069654"
"results/summaries/tau_by_repetition.csv","61512","70c36aee4638671175f4f01ab758b24d8a8b30c9df4dac5b2cfa9b937d87c922"
"results/summaries/weight_recovery_by_repetition.csv","47180","7f5d589992c4ec7a74423187561026b97f01ad164cfa31d6a5e69d2091e1bd42"
"results/validation/comparisons.csv","4756","b67211452fd58314828cd9328bd1670468ab802503533fc9c4b36b2f92772d38"
"results/validation/diagnostics.csv","3502","0635396bc918427e32cfdd00f79f84b2a9ecde7faa627b5d44f7da8643465bb3"
"results/validation/selection.csv","2161","aa059ac252e34d8ef7a93719abf892b57a455ab1970c4f65d8e78792f17ec8b8"
"results/validation/validation_summary.csv","955","ae4a88120359505b4dd18b04630b635edfbbb8e1bc4caaa1d35051d07c32b811"
"run_pipeline_docker.ps1","555","96e71e9edf787c26fad1c9aa640eeb4c0ffeef66fc4ca3749c3f3464b3ac02f3"
"scripts/00_run_pipeline.R","1624","400b0cd91979adc12ec1781c965bed0130d066576071a2441dcd033e7968cb2f"
"scripts/00_setup.R","1727","3c165d783d3105569d12be3ebe688681b525461f11e5cde09dfb86361551e760"
"scripts/01_data_preprocessing.R","774","85fbf3b97216fc1a3b76e64a323cfc6d04c8f7f3545d56447493fc2344d02ad9"
"scripts/02_fit_individual_models.R","1217","b19fcae814de5ac1222284927efc33503ef9b2c320983f6d7f06b6d2b5d29736"
"scripts/03_lfo_validation_loop.R","3006","93ec2c01b2becc5eab5259477f3fd6ac3cc34e901e85051e3cb82e1632280978"
"scripts/04_fit_aggregation_methods.R","4092","a54eeab5ea819f4a491b49f040f7adcae675563cf0d8521b82148c8720a9e2dd"
"scripts/05_evaluate_test_metrics.R","10717","dda0f1efa10085440e6723417fa64319c3fd851619f6461c65970b905b41d5b2"
"scripts/06_actuarial_quantities.R","41173","a533a6a58f076f703849ed8c50f0675421b329bb61240edd832eb7e3d141a65b"
"scripts/07_simulation_study.R","5606","274112071ed4396584837ef8e0720edeb6b25c6d48f58569cc20bc2066c08433"
"scripts/08_prepare_chapter3_results.R","36989","68606bc29ba2fe78a3936b2c7bb3c3f5054fedc241b1399c1086861bd90082b6"
"scripts/09_generate_chapter3_latex_tables.R","19679","c144bbf683d3e9f75b0a86ce9d80a482d7ace415377bb48ca2adae3cfd5475fd"
"scripts/10_finalize_chapter3_spec_results.R","7515","eb3655edcd2dc43bd094077b901dcf9dda3a1960778c609c91f5b9f4a46fd5cd"
"scripts/10_prepare_chapter3_spec_results.R","42869","eaaae743c3e8368cc961d0abee726d7ac1dd845cd90779562426e55e2da2f96f"
"scripts/11_prediction_mc_stability.R","10750","b595e286a83b37f3b807988b9672254edc213bdc68e98cc5a2ba50257a64ada7"
"scripts/12_generate_spec_latex_tables.R","25778","a8dacdcaf68fed4957e46d93d5002369d4836a66134b89101d10d274d419b664"
"scripts/13_generate_simulation_technical_report.R","56722","90622f495adf7d1907ac24b7fe73bd5a4c5aac15518ed629e410a1a106644a56"
"scripts/14_generate_memoir_figures.R","19240","31b47eed7089179ccb21de5d37733fbcdce7406c924ddde1c8eb0183bbd12f5e"
"scripts/15_generate_figure_06_echelle_commune.R","7527","897bb12842e815ce8e623868c6e7ab7e6960301bb09f065cefbd2646f3a29432"
"scripts/16_generate_figure_02_empirique_echelle_couleur.R","6586","799993a5df09d356d91d847cd3a1094e5488a7ae74e6df22d55ed9700ff3296e"
"scripts/17_generate_actuarial_survival_memoire.R","4239","7824d69866e7faff46fdd4c2efde79225312a442c2dcbdb564aa7ec8992e51fb"
"sessionInfo.txt","717","2f3d8c79c6606e4f18b3304a1f1cbe5b3a01f57255819526d651515fbd96e8c1"
"stan/apc_negbin.stan","2191","557f085a0f847b85b7ed15ca577e937f9eca79cd153d3794bc8e46a2c2adbcaf"
"stan/cbd_negbin.stan","2226","fdab250aa7c44f54098ab21122383f65a7b6aaa446392d639d4c918d5c8838f7"
"stan/hierarchical_stacking.stan","871","5004d10dcd0c8c4129e48368320ced97a8746459864a5ad880cfb732362f8026"
"stan/lc_negbin.stan","1157","dc0f7d62ee1a9bf82e5d117daeb53efc470b659128a034d8f8aa4308d7fe162f"
"stan/m6_negbin.stan","2983","e8797df4fd65854f099d6758c54762bc4f8fe38bc216dcce6001781a244d7f3e"
"stan/rh_negbin.stan","2590","02bec935ed40df86c9ccf4806f4267e2efcb80c8d8016d6c553b78989edb20c0"
"tests/run_single_model.R","1118","5155ff71b96b14187324e56d18f7c00b5aefa51e780b6ea7005a50e90e268122"
"tests/run_tests.R","10597","fb3ae3bf72d044a5eb4ce9f9170b733eec9be2cd5a3b8ff0c96d133787c95a30"
"tests/test_basic_pipeline.R","1274","9687ff3798f73bbf6f8ac42736bcd51af21d20f991bb3b5b6712807e18be6c78"
"tests/test_simulation_protocol.R","2492","cbb07a0fb5dda6fed628bab78c0f1ef785675014f0df4b4cce69e6d71a07a22b"
