"scenario","repetition","method","mean_logs","mean_crps","predictive_draws"
"constant_weights",1,"stacking_global",4.88210958270699,0.000486875278009717,1000
"constant_weights",1,"stacking_contextual",4.93630050328429,0.000493134539222149,1000
"constant_weights",1,"stacking_hierarchical",4.87641352854404,0.00048173365248175,1000
"constant_weights",2,"stacking_global",4.81431071468828,0.000435787482897532,1000
"constant_weights",2,"stacking_contextual",4.87421533323137,0.000456726042237359,1000
"constant_weights",2,"stacking_hierarchical",4.81448396292644,0.000434448473253742,1000
"constant_weights",3,"stacking_global",4.84273228026527,0.000444908581850143,1000
"constant_weights",3,"stacking_contextual",4.98131559849061,0.000491571697258234,1000
"constant_weights",3,"stacking_hierarchical",4.84193936736156,0.000444224333601895,1000
"constant_weights",4,"stacking_global",4.78190762911711,0.0004023814415391,1000
"constant_weights",4,"stacking_contextual",4.82187212171434,0.000409447263067946,1000
"constant_weights",4,"stacking_hierarchical",4.78113979758402,0.000400589353646329,1000
"constant_weights",5,"stacking_global",4.79878846404262,0.000420157032251764,1000
"constant_weights",5,"stacking_contextual",4.89087524661177,0.000446005943602139,1000
"constant_weights",5,"stacking_hierarchical",4.79297349661034,0.000416402368319539,1000
"constant_weights",6,"stacking_global",4.82881407547577,0.00045242074796748,1000
"constant_weights",6,"stacking_contextual",4.90016194914122,0.000467265049049049,1000
"constant_weights",6,"stacking_hierarchical",4.82311684564891,0.000449343989452868,1000
"constant_weights",7,"stacking_global",4.81791836994257,0.000423476622769111,1000
"constant_weights",7,"stacking_contextual",4.87107492897704,0.000441292928635953,1000
"constant_weights",7,"stacking_hierarchical",4.81734818692222,0.000425601118581997,1000
"constant_weights",8,"stacking_global",4.82055064663249,0.000439927132107718,1000
"constant_weights",8,"stacking_contextual",4.8631081749043,0.000452756554212749,1000
"constant_weights",8,"stacking_hierarchical",4.82398918571785,0.00043796914621939,1000
"constant_weights",9,"stacking_global",4.78088759631743,0.000417982493810884,1000
"constant_weights",9,"stacking_contextual",4.84772716184788,0.000455081344661735,1000
"constant_weights",9,"stacking_hierarchical",4.78627548127271,0.000420777558924778,1000
"constant_weights",10,"stacking_global",4.7912533319877,0.000411987507898142,1000
"constant_weights",10,"stacking_contextual",4.86175480730778,0.000448309692619449,1000
"constant_weights",10,"stacking_hierarchical",4.80434109604538,0.000420383992284968,1000
"constant_weights",11,"stacking_global",4.79593906070399,0.000417123104665641,1000
"constant_weights",11,"stacking_contextual",4.84103438847935,0.000434565949852291,1000
"constant_weights",11,"stacking_hierarchical",4.80114110266529,0.000418278663834566,1000
"constant_weights",12,"stacking_global",4.85567662904234,0.000434450072706853,1000
"constant_weights",12,"stacking_contextual",4.89586330165985,0.000443148902170463,1000
"constant_weights",12,"stacking_hierarchical",4.8488019501253,0.00043363661993701,1000
"constant_weights",13,"stacking_global",4.81259511130499,0.000457739882516663,1000
"constant_weights",13,"stacking_contextual",4.92527966699181,0.000512297030298591,1000
"constant_weights",13,"stacking_hierarchical",4.81254247283246,0.000457349088698455,1000
"constant_weights",14,"stacking_global",4.82961319716453,0.000436961028443077,1000
"constant_weights",14,"stacking_contextual",4.91904336244401,0.000453563215215215,1000
"constant_weights",14,"stacking_hierarchical",4.82957236140608,0.000438833279328109,1000
"constant_weights",15,"stacking_global",4.79746629109276,0.000439413089577382,1000
"constant_weights",15,"stacking_contextual",4.83213076850372,0.000454826819404771,1000
"constant_weights",15,"stacking_hierarchical",4.79464192954328,0.000436250772723943,1000
"constant_weights",16,"stacking_global",4.82244288526751,0.000434551029175517,1000
"constant_weights",16,"stacking_contextual",4.84491844536942,0.000432824237994092,1000
"constant_weights",16,"stacking_hierarchical",4.82698375055676,0.000434484483703215,1000
"constant_weights",17,"stacking_global",4.77631247475309,0.000397524511535926,1000
"constant_weights",17,"stacking_contextual",4.85321166170995,0.000434817773969091,1000
"constant_weights",17,"stacking_hierarchical",4.78154630055508,0.000402449861080593,1000
"constant_weights",18,"stacking_global",4.79580486314679,0.000416654290973901,1000
"constant_weights",18,"stacking_contextual",4.86094543199267,0.000428350392148246,1000
"constant_weights",18,"stacking_hierarchical",4.79920722398084,0.000420554997045826,1000
"constant_weights",19,"stacking_global",4.84042884883688,0.000451112594057472,1000
"constant_weights",19,"stacking_contextual",4.93052310629975,0.000477005513415855,1000
"constant_weights",19,"stacking_hierarchical",4.8424082200702,0.000453234403574306,1000
"constant_weights",20,"stacking_global",4.83161631352492,0.000416403424107034,1000
"constant_weights",20,"stacking_contextual",4.85180406093448,0.000432945176884201,1000
"constant_weights",20,"stacking_hierarchical",4.82895728579418,0.000416267383090407,1000
"constant_weights",21,"stacking_global",4.8177897351937,0.000436070897043385,1000
"constant_weights",21,"stacking_contextual",4.91652001590704,0.00047996055274787,1000
"constant_weights",21,"stacking_hierarchical",4.82259703379435,0.000439395670890403,1000
"constant_weights",22,"stacking_global",4.75781867003719,0.00042122706325838,1000
"constant_weights",22,"stacking_contextual",4.7837286722993,0.000433811545496716,1000
"constant_weights",22,"stacking_hierarchical",4.76066301234951,0.00042268870001709,1000
"constant_weights",23,"stacking_global",4.78381330672147,0.000417403589150126,1000
"constant_weights",23,"stacking_contextual",4.83737331309595,0.000429056436338778,1000
"constant_weights",23,"stacking_hierarchical",4.78428626949246,0.000416877289093972,1000
"constant_weights",24,"stacking_global",4.76537859901763,0.000410165104714471,1000
"constant_weights",24,"stacking_contextual",4.82197421648771,0.000436052424229107,1000
"constant_weights",24,"stacking_hierarchical",4.76648336543583,0.000410225973192705,1000
"constant_weights",25,"stacking_global",4.83589202741792,0.000427258865597305,1000
"constant_weights",25,"stacking_contextual",4.85463439375764,0.000429318496350009,1000
"constant_weights",25,"stacking_hierarchical",4.83646111082044,0.000428187217559022,1000
"constant_weights",26,"stacking_global",4.81833299053298,0.000414809012817696,1000
"constant_weights",26,"stacking_contextual",4.87468906968798,0.000425402873898289,1000
"constant_weights",26,"stacking_hierarchical",4.82096567835527,0.000415491153983252,1000
"constant_weights",27,"stacking_global",4.86301361808836,0.000442829684025489,1000
"constant_weights",27,"stacking_contextual",4.93949819378448,0.000456301810981713,1000
"constant_weights",27,"stacking_hierarchical",4.86949682296202,0.000444314242632877,1000
"constant_weights",28,"stacking_global",4.83584398179397,0.00044977559598623,1000
"constant_weights",28,"stacking_contextual",4.94157525749479,0.000477190400058595,1000
"constant_weights",28,"stacking_hierarchical",4.83481757736127,0.00044913674581899,1000
"constant_weights",29,"stacking_global",4.81766856853049,0.000410908263971288,1000
"constant_weights",29,"stacking_contextual",4.84096841449327,0.000414921229717522,1000
"constant_weights",29,"stacking_hierarchical",4.81587425222857,0.000408076815547255,1000
"constant_weights",30,"stacking_global",4.87341809796289,0.000444441828462609,1000
"constant_weights",30,"stacking_contextual",4.88728987243178,0.00044807568680876,1000
"constant_weights",30,"stacking_hierarchical",4.87030434145205,0.000446628629312239,1000
"horizon_only",1,"stacking_global",4.86904220492166,0.000461735839742181,1000
"horizon_only",1,"stacking_contextual",4.88252963964634,0.000471976776581459,1000
"horizon_only",1,"stacking_hierarchical",4.85808059624163,0.000457549177079519,1000
"horizon_only",2,"stacking_global",4.85779271760607,0.000471626634634635,1000
"horizon_only",2,"stacking_contextual",4.8511874812572,0.000468694789521229,1000
"horizon_only",2,"stacking_hierarchical",4.80857212131475,0.000451533541736859,1000
"horizon_only",3,"stacking_global",4.87457706750774,0.000486481736272858,1000
"horizon_only",3,"stacking_contextual",4.92155963331673,0.000507432033203936,1000
"horizon_only",3,"stacking_hierarchical",4.86198050348399,0.000484510819502429,1000
"horizon_only",4,"stacking_global",4.96370294852525,0.000537824262897043,1000
"horizon_only",4,"stacking_contextual",4.99906946552178,0.000547222182670475,1000
"horizon_only",4,"stacking_hierarchical",4.92780695188788,0.000524031953319173,1000
"horizon_only",5,"stacking_global",4.84248087585293,0.000461428620132327,1000
"horizon_only",5,"stacking_contextual",4.87961042467473,0.000491045648380087,1000
"horizon_only",5,"stacking_hierarchical",4.82503301683273,0.000456122101027857,1000
"horizon_only",6,"stacking_global",4.83685712895493,0.000446097417905711,1000
"horizon_only",6,"stacking_contextual",4.86060439925011,0.000446038063038648,1000
"horizon_only",6,"stacking_hierarchical",4.82188811377979,0.000433257488512903,1000
"horizon_only",7,"stacking_global",4.89395104604641,0.000475327071657023,1000
"horizon_only",7,"stacking_contextual",4.88991813169056,0.000472240949730218,1000
"horizon_only",7,"stacking_hierarchical",4.87067183776898,0.000466299080739276,1000
"horizon_only",8,"stacking_global",4.85238349192348,0.000467615462584536,1000
"horizon_only",8,"stacking_contextual",4.86904077567898,0.000469414910715594,1000
"horizon_only",8,"stacking_hierarchical",4.83465846252728,0.000458320036231353,1000
"horizon_only",9,"stacking_global",4.86002401706196,0.000476081384604116,1000
"horizon_only",9,"stacking_contextual",4.87052401661088,0.000487842610903587,1000
"horizon_only",9,"stacking_hierarchical",4.83461912646604,0.000467575859566884,1000
"horizon_only",10,"stacking_global",4.84136569386772,0.000457877728460167,1000
"horizon_only",10,"stacking_contextual",4.89082976969559,0.000466269978075637,1000
"horizon_only",10,"stacking_hierarchical",4.82890282654079,0.0004519627100271,1000
"horizon_only",11,"stacking_global",4.76564147172252,0.000439702038916966,1000
"horizon_only",11,"stacking_contextual",4.89595721948222,0.00050309409370346,1000
"horizon_only",11,"stacking_hierarchical",4.75935631535956,0.0004371569710198,1000
"horizon_only",12,"stacking_global",4.8347084382042,0.000469794206499182,1000
"horizon_only",12,"stacking_contextual",4.85229533379271,0.000487491427622745,1000
"horizon_only",12,"stacking_hierarchical",4.81913462998558,0.000463480757440367,1000
"horizon_only",13,"stacking_global",4.87188309300039,0.000455936173832369,1000
"horizon_only",13,"stacking_contextual",4.88135927623786,0.000475279750189214,1000
"horizon_only",13,"stacking_hierarchical",4.83986282841199,0.000445464752655094,1000
"horizon_only",14,"stacking_global",4.87821172587489,0.000485366199565419,1000
"horizon_only",14,"stacking_contextual",4.91569145858431,0.000506774448790254,1000
"horizon_only",14,"stacking_hierarchical",4.86605209870848,0.000485114873214678,1000
"horizon_only",15,"stacking_global",4.84246789674155,0.000482009676896409,1000
"horizon_only",15,"stacking_contextual",4.99615891760812,0.00053793406294099,1000
"horizon_only",15,"stacking_hierarchical",4.84803152064362,0.000491420639468737,1000
"horizon_only",16,"stacking_global",4.89352507602955,0.000509549334895871,1000
"horizon_only",16,"stacking_contextual",4.98013697870539,0.000521879475963769,1000
"horizon_only",16,"stacking_hierarchical",4.87505987582084,0.000506036960082033,1000
"horizon_only",17,"stacking_global",4.80797488011022,0.000467949180497571,1000
"horizon_only",17,"stacking_contextual",4.84223244164678,0.000474277106277009,1000
"horizon_only",17,"stacking_hierarchical",4.79515844379175,0.000457222695378305,1000
"horizon_only",18,"stacking_global",4.85996180271766,0.000457322697624454,1000
"horizon_only",18,"stacking_contextual",4.91026799227129,0.000479718363631925,1000
"horizon_only",18,"stacking_hierarchical",4.83681453423653,0.000449151721184599,1000
"horizon_only",19,"stacking_global",4.84338049998609,0.000477925045045045,1000
"horizon_only",19,"stacking_contextual",4.87875727222298,0.000482459398032179,1000
"horizon_only",19,"stacking_hierarchical",4.81980857888276,0.000470296891916307,1000
"horizon_only",20,"stacking_global",4.81358793409293,0.000455785783734954,1000
"horizon_only",20,"stacking_contextual",4.84730798950066,0.000469491309553456,1000
"horizon_only",20,"stacking_hierarchical",4.82031844205182,0.000458953079909177,1000
"horizon_only",21,"stacking_global",4.80698721803893,0.000470181452574526,1000
"horizon_only",21,"stacking_contextual",4.81800100950888,0.000466009578944798,1000
"horizon_only",21,"stacking_hierarchical",4.79904836129713,0.000467176997289973,1000
"horizon_only",22,"stacking_global",4.8553989801341,0.00047634384198833,1000
"horizon_only",22,"stacking_contextual",4.87716315803681,0.000482545632559389,1000
"horizon_only",22,"stacking_hierarchical",4.83542786491776,0.000467905865279914,1000
"horizon_only",23,"stacking_global",4.89809298878061,0.000474394945091433,1000
"horizon_only",23,"stacking_contextual",4.93805972445463,0.000498324601772504,1000
"horizon_only",23,"stacking_hierarchical",4.88363625738088,0.00046491551951952,1000
"horizon_only",24,"stacking_global",4.88204673917679,0.000465178494006201,1000
"horizon_only",24,"stacking_contextual",4.9341773511785,0.000482664302351132,1000
"horizon_only",24,"stacking_hierarchical",4.86725975005817,0.000456462087746283,1000
"horizon_only",25,"stacking_global",4.83558154312611,0.000472294860519056,1000
"horizon_only",25,"stacking_contextual",4.89038048916886,0.000494901776117581,1000
"horizon_only",25,"stacking_hierarchical",4.81948512866504,0.000464684720232428,1000
"horizon_only",26,"stacking_global",4.84313890059134,0.000476488194145365,1000
"horizon_only",26,"stacking_contextual",4.86478659926927,0.000495096241216827,1000
"horizon_only",26,"stacking_hierarchical",4.82159257572767,0.000472050107473327,1000
"horizon_only",27,"stacking_global",4.87203919991281,0.000493299027612979,1000
"horizon_only",27,"stacking_contextual",4.892026081341,0.000491319374008154,1000
"horizon_only",27,"stacking_hierarchical",4.85411189220439,0.00048085582050343,1000
"horizon_only",28,"stacking_global",4.89144120001195,0.000483621499157694,1000
"horizon_only",28,"stacking_contextual",4.93943817829688,0.000511887462779853,1000
"horizon_only",28,"stacking_hierarchical",4.8596282566883,0.000470879841402378,1000
"horizon_only",29,"stacking_global",4.89321788499098,0.000496459948729217,1000
"horizon_only",29,"stacking_contextual",4.90242814140772,0.000492611289045143,1000
"horizon_only",29,"stacking_hierarchical",4.85793368363205,0.000480065364193462,1000
"horizon_only",30,"stacking_global",4.86266997462213,0.00046267821167509,1000
"horizon_only",30,"stacking_contextual",4.86601846564013,0.000467574915696184,1000
"horizon_only",30,"stacking_hierarchical",4.84027533245861,0.000456451316682536,1000
"age_horizon",1,"stacking_global",4.80994553106471,0.000425666000244147,1000
"age_horizon",1,"stacking_contextual",4.8129254000473,0.000428529604629019,1000
"age_horizon",1,"stacking_hierarchical",4.79720765253716,0.000418191522546937,1000
"age_horizon",2,"stacking_global",4.76591559368593,0.000428539620205571,1000
"age_horizon",2,"stacking_contextual",4.86368114040844,0.000467185861373569,1000
"age_horizon",2,"stacking_hierarchical",4.76955452980691,0.000429752227739935,1000
"age_horizon",3,"stacking_global",4.83585046289939,0.00045256118127884,1000
"age_horizon",3,"stacking_contextual",4.89635465913697,0.000483915512781074,1000
"age_horizon",3,"stacking_hierarchical",4.82727200832037,0.000450423997070241,1000
"age_horizon",4,"stacking_global",4.83315275564235,0.00045309253057936,1000
"age_horizon",4,"stacking_contextual",4.88384790719739,0.000484237628848361,1000
"age_horizon",4,"stacking_hierarchical",4.82440809111886,0.000450144300007324,1000
"age_horizon",5,"stacking_global",4.82291430203894,0.000441262816475012,1000
"age_horizon",5,"stacking_contextual",4.90349082830992,0.000458297674064308,1000
"age_horizon",5,"stacking_hierarchical",4.81563406810908,0.000439109829439195,1000
"age_horizon",6,"stacking_global",4.81329054946155,0.000436707965233526,1000
"age_horizon",6,"stacking_contextual",4.86103739210613,0.000454021310871847,1000
"age_horizon",6,"stacking_hierarchical",4.81020563371769,0.000436757034204937,1000
"age_horizon",7,"stacking_global",4.84859898944914,0.000454583939549305,1000
"age_horizon",7,"stacking_contextual",4.93316131375299,0.0004912037240167,1000
"age_horizon",7,"stacking_hierarchical",4.83866657290498,0.000445124419932127,1000
"age_horizon",8,"stacking_global",4.7977772839042,0.000425283903317952,1000
"age_horizon",8,"stacking_contextual",4.83394162374535,0.000440267344808223,1000
"age_horizon",8,"stacking_hierarchical",4.78730651191138,0.000420935507507507,1000
"age_horizon",9,"stacking_global",4.75809222727971,0.000392512787909861,1000
"age_horizon",9,"stacking_contextual",4.76674657690413,0.000402803329768793,1000
"age_horizon",9,"stacking_hierarchical",4.74198664782841,0.000393553153934422,1000
"age_horizon",10,"stacking_global",4.74885126219255,0.000421777583632413,1000
"age_horizon",10,"stacking_contextual",4.80280146815622,0.000441286410605728,1000
"age_horizon",10,"stacking_hierarchical",4.75227437082645,0.000422881439878903,1000
"age_horizon",11,"stacking_global",4.82114387998722,0.00046199386274079,1000
"age_horizon",11,"stacking_contextual",4.82912918341535,0.000447770517053639,1000
"age_horizon",11,"stacking_hierarchical",4.799770487461,0.000450004078126907,1000
"age_horizon",12,"stacking_global",4.82965366525571,0.000464245557752875,1000
"age_horizon",12,"stacking_contextual",4.89204086543742,0.000483564621597207,1000
"age_horizon",12,"stacking_hierarchical",4.82366928062193,0.000459833736956469,1000
"age_horizon",13,"stacking_global",4.87426911514534,0.000473776787128592,1000
"age_horizon",13,"stacking_contextual",4.88754141676694,0.000475604453136063,1000
"age_horizon",13,"stacking_hierarchical",4.83255420237289,0.00045197670363046,1000
"age_horizon",14,"stacking_global",4.7873114771767,0.000424885942332577,1000
"age_horizon",14,"stacking_contextual",4.85558172666058,0.000455063341878464,1000
"age_horizon",14,"stacking_hierarchical",4.78533942664783,0.000425974233355307,1000
"age_horizon",15,"stacking_global",4.8562627355049,0.000467973170341073,1000
"age_horizon",15,"stacking_contextual",4.89701172411516,0.000466931588173539,1000
"age_horizon",15,"stacking_hierarchical",4.83609534486652,0.000458897672111136,1000
"age_horizon",16,"stacking_global",4.81171935101292,0.000463307337776801,1000
"age_horizon",16,"stacking_contextual",4.84187557192643,0.000476776540833516,1000
"age_horizon",16,"stacking_hierarchical",4.79873254917922,0.000459629443101638,1000
"age_horizon",17,"stacking_global",4.87716155635957,0.000465004754315291,1000
"age_horizon",17,"stacking_contextual",4.91512526256282,0.00048825099108865,1000
"age_horizon",17,"stacking_hierarchical",4.8574534587148,0.00046058870646256,1000
"age_horizon",18,"stacking_global",4.88830149357805,0.000453955898825655,1000
"age_horizon",18,"stacking_contextual",4.91431982587669,0.000470464446788252,1000
"age_horizon",18,"stacking_hierarchical",4.86185095904087,0.000443054495178105,1000
"age_horizon",19,"stacking_global",4.83617029588942,0.000426751964159281,1000
"age_horizon",19,"stacking_contextual",4.86850639192583,0.00044736952308406,1000
"age_horizon",19,"stacking_hierarchical",4.816719047153,0.000419020075392466,1000
"age_horizon",20,"stacking_global",4.83691903374319,0.000433892652554994,1000
"age_horizon",20,"stacking_contextual",4.83193091643892,0.000428204259283674,1000
"age_horizon",20,"stacking_hierarchical",4.80870231320704,0.000421555913279133,1000
"age_horizon",21,"stacking_global",4.85374702994043,0.000462511358773408,1000
"age_horizon",21,"stacking_contextual",4.83593809824692,0.000453300766620279,1000
"age_horizon",21,"stacking_hierarchical",4.84322534904729,0.000455354024463488,1000
"age_horizon",22,"stacking_global",4.83760740288124,0.000441730078078078,1000
"age_horizon",22,"stacking_contextual",4.87782199189259,0.000450205047877145,1000
"age_horizon",22,"stacking_hierarchical",4.82774969725321,0.000436286563832125,1000
"age_horizon",23,"stacking_global",4.8379150492375,0.000454409174540394,1000
"age_horizon",23,"stacking_contextual",4.86152765944629,0.00045930823379477,1000
"age_horizon",23,"stacking_hierarchical",4.83008568364445,0.000454234838643522,1000
"age_horizon",24,"stacking_global",4.82230308106802,0.000446609333723968,1000
"age_horizon",24,"stacking_contextual",4.90431961975949,0.000476700172855783,1000
"age_horizon",24,"stacking_hierarchical",4.80986494639044,0.000448644952659977,1000
"age_horizon",25,"stacking_global",4.7246401588776,0.000406261798286091,1000
"age_horizon",25,"stacking_contextual",4.74511487678147,0.000406338246246246,1000
"age_horizon",25,"stacking_hierarchical",4.70646400566042,0.000396455747454772,1000
"age_horizon",26,"stacking_global",4.77774112240257,0.000422962701530799,1000
"age_horizon",26,"stacking_contextual",4.82991896954373,0.000442348298054152,1000
"age_horizon",26,"stacking_hierarchical",4.76318515252489,0.000421120013086257,1000
"age_horizon",27,"stacking_global",4.84342186908292,0.000455084536536537,1000
"age_horizon",27,"stacking_contextual",4.90756382386617,0.000478113599160136,1000
"age_horizon",27,"stacking_hierarchical",4.83898629088879,0.000460103236211822,1000
"age_horizon",28,"stacking_global",4.8169182083653,0.000427996396396396,1000
"age_horizon",28,"stacking_contextual",4.87441499523434,0.000440498814619498,1000
"age_horizon",28,"stacking_hierarchical",4.80418433599984,0.000425107313069167,1000
"age_horizon",29,"stacking_global",4.84926302444809,0.000431497962450255,1000
"age_horizon",29,"stacking_contextual",4.99791304122287,0.000457442002294978,1000
"age_horizon",29,"stacking_hierarchical",4.84283448190972,0.000427913245831197,1000
"age_horizon",30,"stacking_global",4.80391169688904,0.000442164726189604,1000
"age_horizon",30,"stacking_contextual",4.81539834357555,0.000440453477575136,1000
"age_horizon",30,"stacking_hierarchical",4.78700231269046,0.000433502859737787,1000
"low_information",1,"stacking_global",3.16213101858124,0.000758488642789131,1000
"low_information",1,"stacking_contextual",3.1630917215118,0.000757212837227471,1000
"low_information",1,"stacking_hierarchical",3.15920998942598,0.000753571749310286,1000
"low_information",2,"stacking_global",3.22888597977461,0.000814592909006568,1000
"low_information",2,"stacking_contextual",3.23367635565685,0.000819914984252545,1000
"low_information",2,"stacking_hierarchical",3.2311783899178,0.000818817816841231,1000
"low_information",3,"stacking_global",3.17903892672902,0.000788642836006738,1000
"low_information",3,"stacking_contextual",3.18461161989002,0.000795034560414073,1000
"low_information",3,"stacking_hierarchical",3.17894330779619,0.00079075357308528,1000
"low_information",4,"stacking_global",3.15066614848856,0.00078488120413096,1000
"low_information",4,"stacking_contextual",3.1513721666296,0.000788033243975683,1000
"low_information",4,"stacking_hierarchical",3.15105845444913,0.000784579523914158,1000
"low_information",5,"stacking_global",3.11077043153505,0.000704527965038209,1000
"low_information",5,"stacking_contextual",3.10912366218006,0.000704378804170024,1000
"low_information",5,"stacking_hierarchical",3.1108621654414,0.000702962363338949,1000
"low_information",6,"stacking_global",3.2015375246084,0.000807917987255548,1000
"low_information",6,"stacking_contextual",3.20290610502432,0.000813887002124075,1000
"low_information",6,"stacking_hierarchical",3.20285044973276,0.000814202398496057,1000
"low_information",7,"stacking_global",3.11103658362538,0.000691134915403208,1000
"low_information",7,"stacking_contextual",3.10806132564622,0.000682951538855929,1000
"low_information",7,"stacking_hierarchical",3.11063542396739,0.00068989926707195,1000
"low_information",8,"stacking_global",3.18033058653843,0.000773277214775751,1000
"low_information",8,"stacking_contextual",3.18213286734401,0.000774990585707659,1000
"low_information",8,"stacking_hierarchical",3.18060797769714,0.000775149123757904,1000
"low_information",9,"stacking_global",3.15121578430021,0.000749405073366049,1000
"low_information",9,"stacking_contextual",3.14762457563839,0.000744084908322957,1000
"low_information",9,"stacking_hierarchical",3.14637559468,0.000747113549647208,1000
"low_information",10,"stacking_global",3.21720664372364,0.000777213349935301,1000
"low_information",10,"stacking_contextual",3.21627531751151,0.000778595927634952,1000
"low_information",10,"stacking_hierarchical",3.21739409778737,0.000778574911496863,1000
"low_information",11,"stacking_global",3.21080935770711,0.000795483692472961,1000
"low_information",11,"stacking_contextual",3.21193390961949,0.000799094099953612,1000
"low_information",11,"stacking_hierarchical",3.20852592091725,0.000792525939598135,1000
"low_information",12,"stacking_global",3.1728002965316,0.000791747705754535,1000
"low_information",12,"stacking_contextual",3.17106334282185,0.000791950730242438,1000
"low_information",12,"stacking_hierarchical",3.17259798902823,0.000794106867843453,1000
"low_information",13,"stacking_global",3.13761098092528,0.000755431834761591,1000
"low_information",13,"stacking_contextual",3.13529305124753,0.000753093104812129,1000
"low_information",13,"stacking_hierarchical",3.13368314501666,0.000752712045704241,1000
"low_information",14,"stacking_global",3.20859399477004,0.000804938421348177,1000
"low_information",14,"stacking_contextual",3.20833426668095,0.000803173424155863,1000
"low_information",14,"stacking_hierarchical",3.20863507231116,0.000803141634317244,1000
"low_information",15,"stacking_global",3.18719999492937,0.000775108678434532,1000
"low_information",15,"stacking_contextual",3.18973620017375,0.00077996014160502,1000
"low_information",15,"stacking_hierarchical",3.18755017009186,0.00077448010937767,1000
"low_information",16,"stacking_global",3.2503952813394,0.000843044366317537,1000
"low_information",16,"stacking_contextual",3.24993122472934,0.000836891714153178,1000
"low_information",16,"stacking_hierarchical",3.25061891130518,0.000842861994677604,1000
"low_information",17,"stacking_global",3.13295612509839,0.000750692133108718,1000
"low_information",17,"stacking_contextual",3.13284214789795,0.00075349197783149,1000
"low_information",17,"stacking_hierarchical",3.13035407952855,0.000749690619399888,1000
"low_information",18,"stacking_global",3.20795233066827,0.000803998673795747,1000
"low_information",18,"stacking_contextual",3.20824270763403,0.000806543982030811,1000
"low_information",18,"stacking_hierarchical",3.20873063107251,0.000802764714958861,1000
"low_information",19,"stacking_global",3.1512554588212,0.000758666943040602,1000
"low_information",19,"stacking_contextual",3.15448525062834,0.000760939564930784,1000
"low_information",19,"stacking_hierarchical",3.15181892775936,0.000757379389145243,1000
"low_information",20,"stacking_global",3.19553501545917,0.000775131421177275,1000
"low_information",20,"stacking_contextual",3.19797971961666,0.000776310781024927,1000
"low_information",20,"stacking_hierarchical",3.19464795686005,0.000774553279132791,1000
"low_information",21,"stacking_global",3.22220159609498,0.000808832042774482,1000
"low_information",21,"stacking_contextual",3.22054153010011,0.000806452391904099,1000
"low_information",21,"stacking_hierarchical",3.22177889219633,0.00080745167606631,1000
"low_information",22,"stacking_global",3.20762026990463,0.000783448139847164,1000
"low_information",22,"stacking_contextual",3.21053090191761,0.000787181409702385,1000
"low_information",22,"stacking_hierarchical",3.20654548947813,0.000784475708879611,1000
"low_information",23,"stacking_global",3.18637110391011,0.000784045968895725,1000
"low_information",23,"stacking_contextual",3.18711038470526,0.000781046427891306,1000
"low_information",23,"stacking_hierarchical",3.18621344302864,0.000783145625625626,1000
"low_information",24,"stacking_global",3.13890067698923,0.000738186763348715,1000
"low_information",24,"stacking_contextual",3.14065350642876,0.000742881799848629,1000
"low_information",24,"stacking_hierarchical",3.14036548532586,0.000738851874313338,1000
"low_information",25,"stacking_global",3.21537405872373,0.000790365490368417,1000
"low_information",25,"stacking_contextual",3.21613272383034,0.000788180437998975,1000
"low_information",25,"stacking_hierarchical",3.2131843895016,0.000789200259771967,1000
"low_information",26,"stacking_global",3.19577407200842,0.000787862553284992,1000
"low_information",26,"stacking_contextual",3.1971258194856,0.000787860734881223,1000
"low_information",26,"stacking_hierarchical",3.19463156686176,0.000785215318733368,1000
"low_information",27,"stacking_global",3.15467861464349,0.000763712399228497,1000
"low_information",27,"stacking_contextual",3.15768152310382,0.000767515611220977,1000
"low_information",27,"stacking_hierarchical",3.15483565931513,0.000765998928684782,1000
"low_information",28,"stacking_global",3.17970292364389,0.000771719310530042,1000
"low_information",28,"stacking_contextual",3.18200993948143,0.000771782254449572,1000
"low_information",28,"stacking_hierarchical",3.1798508239837,0.000766123765716936,1000
"low_information",29,"stacking_global",3.16873745386375,0.000780862857003345,1000
"low_information",29,"stacking_contextual",3.17370544410728,0.000785162919993164,1000
"low_information",29,"stacking_hierarchical",3.16743909080911,0.000779598282184624,1000
"low_information",30,"stacking_global",3.21188397851592,0.000796717104421495,1000
"low_information",30,"stacking_contextual",3.21358116126537,0.000800069846431798,1000
"low_information",30,"stacking_hierarchical",3.2109910026971,0.000791209619375473,1000
