"scenario","method","repetitions","weight_bias","weight_rmse","mean_absolute_weight_error","weight_rmse_mean","weight_rmse_median","weight_rmse_q025","weight_rmse_q975","weight_bias_mean","extreme_weight_frequency","posterior_95_coverage","mean_interval_width"
"age_horizon","stacking_contextual",30,-8.36385343693403e-19,0.309606316366386,0.228883849850639,0.309606316366386,0.302845935354437,0.241400654857675,0.390084732915736,-8.36385343693403e-19,0.65450406504065,,
"constant_weights","stacking_contextual",30,-5.74786235223126e-18,0.265416360274039,0.184684482074374,0.265416360274039,0.267418118570714,0.207116762859149,0.311258210921598,-5.74786235223126e-18,0.575544715447154,,
"horizon_only","stacking_contextual",30,-2.69489871831811e-18,0.271190679843752,0.200945810849622,0.271190679843752,0.271826764472673,0.186816293664482,0.364289730116978,-2.69489871831811e-18,0.530373983739837,,
"low_information","stacking_contextual",30,1.12994426548334e-17,0.396009829084731,0.316197231438474,0.396009829084731,0.395199483104153,0.388690509859536,0.406245649209686,1.12994426548334e-17,0.99460162601626,,
"age_horizon","stacking_global",30,4.2036386864582e-18,0.168323613567077,0.125356871437395,0.168323613567077,0.165571770581346,0.146126673265881,0.19382299067518,4.2036386864582e-18,0.08,,
"constant_weights","stacking_global",30,-3.0039317269262e-18,0.0714530814428903,0.0597436317322943,0.0714530814428903,0.075525248335032,0.0358319689555594,0.104294536353849,-3.0039317269262e-18,0.126666666666667,,
"horizon_only","stacking_global",30,-1.12771008179925e-18,0.1591653082081,0.127393574702515,0.1591653082081,0.149549730633606,0.131827933292066,0.227433674730942,-1.12771008179925e-18,0.0733333333333333,,
"low_information","stacking_global",30,5.55167154802121e-18,0.303527103105307,0.252285260952236,0.303527103105307,0.295514402303812,0.191025114432988,0.410657973321008,5.55167154802121e-18,0.653333333333333,,
"age_horizon","stacking_hierarchical",30,-7.09254364903737e-19,0.11904324132365,0.0847922754242641,0.11904324132365,0.118879051601337,0.0908847347817883,0.151110624197896,-7.09254364903737e-19,0.000146341463414634,0.984211382113821,0.461095778149093
"constant_weights","stacking_hierarchical",30,-5.5616430273305e-18,0.0694940360857878,0.0544343983192558,0.0694940360857878,0.0675563109030255,0.0445248715431611,0.109570393703468,-5.5616430273305e-18,0,0.990991869918699,0.35252186485901
"horizon_only","stacking_hierarchical",30,-2.97716713574256e-18,0.0851553551648411,0.0650764143215803,0.0851553551648411,0.0775472884384786,0.0447316537577643,0.158412031368091,-2.97716713574256e-18,0.000471544715447153,0.988991869918699,0.409768372177886
"low_information","stacking_hierarchical",30,5.59984229795867e-18,0.0466410198649302,0.0397630968224098,0.0466410198649302,0.0433114418015898,0.0356845335877388,0.0682223396308975,5.59984229795867e-18,0,1,0.798119534565011
