"scenario","method","repetitions","mean_logs","sd_logs","mean_crps","sd_crps","rank_logs","rank_crps"
"age_horizon","stacking_contextual",30,4.86469942048201,0.0508890568706755,0.000456548578126094,2.27096587398826e-05,3,3
"constant_weights","stacking_contextual",30,4.87671371464452,0.0445079807821454,0.000449867584084898,2.4039809328805e-05,3,3
"horizon_only","stacking_contextual",30,4.89458392718993,0.0436549187517963,0.000488317085133915,2.20716569868249e-05,3,3
"low_information","stacking_contextual",30,3.18192634908361,0.0358701680337133,0.000777955591591592,3.1937895388613e-05,3,3
"age_horizon","stacking_global",30,4.82069234014881,0.0380542870756584,0.000441966810761982,1.9490365952659e-05,2,2
"constant_weights","stacking_global",30,4.81620459871035,0.0306554062557209,0.000430424241796268,1.89978992358905e-05,1,1
"horizon_only","stacking_global",30,4.8581378213378,0.0361163692190744,0.000473812565729958,1.90025877153523e-05,2,2
"low_information","stacking_global",30,3.18097244041508,0.0352386007887665,0.000777002619920734,3.09373995061941e-05,2,2
"age_horizon","stacking_hierarchical",30,4.80796618041186,0.0351970493938146,0.000437204376161527,1.83757934560335e-05,1,1
"constant_weights","stacking_hierarchical",30,4.81699243368049,0.0292152259564064,0.000430794532594383,1.80262592130831e-05,2,2
"horizon_only","stacking_hierarchical",30,4.83967366425889,0.0315770539573714,0.000466563658344523,1.89211819523807e-05,1,1
"low_information","stacking_hierarchical",30,3.18040381659944,0.0356376845412366,0.000776370397682235,3.1609601882797e-05,1,1
