"scenario","repetition","configuration","parameter","mean","sd","q025","q50","q975"
"constant_weights",1,"legere","tau[1]",0.389109789949614,0.356773464535119,0.0136913517472416,0.277682540351349,1.36386199904186
"constant_weights",1,"legere","tau[2]",0.335377047428249,0.244049164148913,0.00981293861571235,0.290202217499737,0.891480254208253
"constant_weights",1,"legere","tau[3]",0.458876809747687,0.400935616757511,0.0185783537552163,0.344566375515259,1.51050992990216
"constant_weights",1,"legere","tau[4]",0.278100475597304,0.227553440884781,0.0124905634544798,0.228044150511732,0.878546326218711
"constant_weights",2,"legere","tau[1]",0.383876246243486,0.365552242819889,0.00803392346977117,0.271897843126013,1.38289443050616
"constant_weights",2,"legere","tau[2]",0.356854596661481,0.251426927529268,0.0213351860028424,0.305218399440371,0.952848712445544
"constant_weights",2,"legere","tau[3]",0.36171135710116,0.32946559171999,0.0156541778027222,0.272714508841426,1.21184512403558
"constant_weights",2,"legere","tau[4]",0.258576614545438,0.210812160562085,0.013909951524757,0.207108710548262,0.787574378258771
"constant_weights",3,"legere","tau[1]",0.425311514316741,0.399812149794758,0.0124708785277639,0.301232565165675,1.54966526915594
"constant_weights",3,"legere","tau[2]",0.314422054995551,0.240522400977568,0.00972159241530014,0.263170317858274,0.92729184720913
"constant_weights",3,"legere","tau[3]",0.372133361816511,0.348733783642456,0.0129936111997834,0.266954118487127,1.28927202731257
"constant_weights",3,"legere","tau[4]",0.283922885540602,0.227490702218983,0.0128813523127806,0.224191413190279,0.830860811775623
"constant_weights",4,"legere","tau[1]",0.473564527069799,0.361703837166454,0.016534375956509,0.395978177384547,1.3553076588577
"constant_weights",4,"legere","tau[2]",0.292624458423237,0.250748727144566,0.0098515940460033,0.220812387741255,0.920909959108719
"constant_weights",4,"legere","tau[3]",0.368833915908711,0.331656163817493,0.0148378308369593,0.273480283016051,1.29166825314875
"constant_weights",4,"legere","tau[4]",0.266191879472032,0.226809345675662,0.00840200186100479,0.203683920565874,0.843171631360155
"constant_weights",5,"legere","tau[1]",0.403662607425033,0.3687904435523,0.0165374990334183,0.300361834580464,1.3635507352196
"constant_weights",5,"legere","tau[2]",0.47638984825225,0.315482979278784,0.0227119791428733,0.424292646492053,1.17989338478486
"constant_weights",5,"legere","tau[3]",0.410213977609638,0.386164784770867,0.0101583980812715,0.283525394196933,1.48102948810951
"constant_weights",5,"legere","tau[4]",0.348119341158075,0.255044513851312,0.0180059133312333,0.300672174568292,0.960407631877915
"constant_weights",6,"complete","tau[1]",0.391994599084127,0.366951679594536,0.0126923404939539,0.279587851137682,1.37225878793023
"constant_weights",6,"complete","tau[2]",0.296395564645296,0.236573453148455,0.0126069604750723,0.237785029659716,0.880675296988319
"constant_weights",6,"complete","tau[3]",0.545753830185935,0.464753194582137,0.0163808637398873,0.420145075426038,1.71025901719532
"constant_weights",6,"complete","tau[4]",0.265046444066142,0.224850695190758,0.0101211686732,0.206526256055965,0.840578122662496
"constant_weights",7,"legere","tau[1]",0.345939348762764,0.336993835012115,0.0114524896176735,0.236179325826183,1.26716944932276
"constant_weights",7,"legere","tau[2]",0.30427666596887,0.24494645661625,0.0121714549379234,0.245668554629263,0.940314002120638
"constant_weights",7,"legere","tau[3]",0.316644321281573,0.31886473484965,0.010544791864285,0.217620052726901,1.17513990483816
"constant_weights",7,"legere","tau[4]",0.257592994148363,0.215153369129345,0.00972735683185458,0.200386236168983,0.802882507738717
"constant_weights",8,"legere","tau[1]",0.543342847472702,0.44469090463809,0.0217694749750936,0.440817306973646,1.72102856443893
"constant_weights",8,"legere","tau[2]",0.306664716536927,0.255499912790581,0.0113563721166562,0.241404961080991,0.957084113513276
"constant_weights",8,"legere","tau[3]",0.683075297623729,0.426756929734977,0.0828044123156137,0.601730575466636,1.6653737918463
"constant_weights",8,"legere","tau[4]",0.39330063621745,0.267628925939076,0.0245205740284401,0.351354226752135,1.00973628122219
"constant_weights",9,"legere","tau[1]",0.488313652559606,0.398164646530913,0.0195013988468925,0.386693033054779,1.52484824945894
"constant_weights",9,"legere","tau[2]",0.284432065536795,0.230223114150467,0.0108617430628773,0.221410777995946,0.847820623051957
"constant_weights",9,"legere","tau[3]",0.398317198158706,0.334524047252938,0.0196993736914975,0.311231609871475,1.30723986420153
"constant_weights",9,"legere","tau[4]",0.490831866968336,0.287994292040105,0.0427081259464329,0.467541126766634,1.16685166947128
"constant_weights",10,"legere","tau[1]",0.379824994249565,0.341032868122551,0.0122722049365724,0.286127857763602,1.26071369756225
"constant_weights",10,"legere","tau[2]",0.290816181004233,0.232011173578763,0.01148164915215,0.233199508641604,0.849538393317433
"constant_weights",10,"legere","tau[3]",0.612980557362741,0.369999334209662,0.10271327348503,0.548532994547845,1.5240034866672
"constant_weights",10,"legere","tau[4]",0.532222795819766,0.26396354866155,0.103887435265769,0.511891817500046,1.1393951825073
"constant_weights",11,"legere","tau[1]",0.425526636216389,0.374102210258132,0.0159742453466608,0.322803073408788,1.40393715295202
"constant_weights",11,"legere","tau[2]",0.2702356858988,0.230045238992406,0.0078498361169308,0.208460928572477,0.847997642137159
"constant_weights",11,"legere","tau[3]",0.370668212780258,0.348992417331638,0.0117233830263656,0.264212011541376,1.33132280327699
"constant_weights",11,"legere","tau[4]",0.262108082682305,0.21351712235884,0.00998255044791038,0.208235091576071,0.803288114602917
"constant_weights",12,"legere","tau[1]",0.403009181139162,0.3823917129909,0.012844002750399,0.290009478206961,1.37690482413622
"constant_weights",12,"legere","tau[2]",0.320755163034767,0.248450514414812,0.0110671619016555,0.264970714207837,0.9230759677786
"constant_weights",12,"legere","tau[3]",0.346143199457235,0.313870552959714,0.013288599403936,0.254390985176557,1.17092177328282
"constant_weights",12,"legere","tau[4]",0.22977668889401,0.194617652102138,0.0094671565770666,0.178932646856426,0.74037296239514
"constant_weights",13,"legere","tau[1]",0.491937704996456,0.435445357886609,0.0187953880393098,0.38134584074984,1.60354415277432
"constant_weights",13,"legere","tau[2]",0.324615898458342,0.24655954784192,0.0123060735223702,0.271138044605004,0.948440503879485
"constant_weights",13,"legere","tau[3]",0.362987536186826,0.336157299775895,0.0153489416363607,0.266132922672567,1.24913550721157
"constant_weights",13,"legere","tau[4]",0.369476838072675,0.281522173557407,0.0142000735849728,0.307768430162885,1.00819270104928
"constant_weights",14,"legere","tau[1]",0.369947635987572,0.346675577429009,0.0136496821821841,0.264051444430715,1.30535199247964
"constant_weights",14,"legere","tau[2]",0.285205816604407,0.241323690002414,0.00924187899401577,0.222672134923676,0.905345863673926
"constant_weights",14,"legere","tau[3]",0.410853498503279,0.359371574271308,0.0149301319749681,0.311975191666948,1.32513862481375
"constant_weights",14,"legere","tau[4]",0.236997385071621,0.199752378896527,0.0102741714648483,0.186362812710512,0.760770175123781
"constant_weights",15,"legere","tau[1]",0.497653231566092,0.412560112895436,0.0141709785283132,0.393871552925526,1.55153582821039
"constant_weights",15,"legere","tau[2]",0.454314889818156,0.309434644660131,0.0143834217586242,0.413067418397359,1.16210368936427
"constant_weights",15,"legere","tau[3]",0.33770733630598,0.324999977562724,0.00907930366429124,0.241342479582011,1.23886060408488
"constant_weights",15,"legere","tau[4]",0.302903580163927,0.231465777669994,0.0121262269448385,0.251513020776774,0.870888459647479
"constant_weights",16,"legere","tau[1]",0.468120932236862,0.388542058616002,0.0184103603436998,0.367086981173095,1.53594306937925
"constant_weights",16,"legere","tau[2]",0.304211421930428,0.249887307005467,0.00954519221273116,0.242085462736355,0.944307309465773
"constant_weights",16,"legere","tau[3]",0.359586619346153,0.323015450964783,0.0115878767720942,0.265699684109557,1.1958355588512
"constant_weights",16,"legere","tau[4]",0.254549481583053,0.207752298985822,0.00841627301136193,0.201893858987751,0.768384139361881
"constant_weights",17,"legere","tau[1]",0.402266760882862,0.360615517429224,0.0120377805855012,0.309110499175593,1.31967223837073
"constant_weights",17,"legere","tau[2]",0.288004102142398,0.235903686237433,0.0115152483591208,0.23271996327606,0.87027199928941
"constant_weights",17,"legere","tau[3]",0.368587756114224,0.342457838253691,0.0083121400662879,0.270141524182952,1.26217380193111
"constant_weights",17,"legere","tau[4]",0.312597897300906,0.239665822187721,0.0125219471968928,0.270639059659772,0.913640172429882
"constant_weights",18,"legere","tau[1]",0.387648429990824,0.372318501240665,0.0117057092755971,0.27168491525282,1.4036725462424
"constant_weights",18,"legere","tau[2]",0.266908252671712,0.221314324395175,0.00850425179766031,0.211644050885201,0.833810591389625
"constant_weights",18,"legere","tau[3]",0.376267948986212,0.329969373255524,0.0128802610369504,0.292135643970799,1.22350945764514
"constant_weights",18,"legere","tau[4]",0.33510840232249,0.26866932361451,0.0139551890597059,0.270899701898233,1.02389726405138
"constant_weights",19,"legere","tau[1]",0.391133556997426,0.383111689636296,0.0086386338364931,0.272474316450326,1.43033219787763
"constant_weights",19,"legere","tau[2]",0.262985886982227,0.218660904177873,0.00816800547882314,0.210519577387285,0.827385752272
"constant_weights",19,"legere","tau[3]",0.585042433655336,0.399815031330654,0.0594442035107911,0.497200970570378,1.60740651895208
"constant_weights",19,"legere","tau[4]",0.250165237600371,0.221365891137064,0.00874278753152937,0.191326292175683,0.827993831048468
"constant_weights",20,"legere","tau[1]",0.446344236626424,0.389366219272977,0.0200117048146702,0.333076479627871,1.40745876545944
"constant_weights",20,"legere","tau[2]",0.258425982149664,0.211461155992061,0.00976550444638939,0.205085263469165,0.793691349036348
"constant_weights",20,"legere","tau[3]",0.352731103330142,0.336141494948536,0.0120472103412961,0.254629618797553,1.23427717325998
"constant_weights",20,"legere","tau[4]",0.277617797625113,0.228433410772149,0.0121260010345342,0.221420776066762,0.843667107756086
"constant_weights",21,"legere","tau[1]",0.39348711153897,0.36365017308497,0.0142270568438208,0.286245307143026,1.33098898142326
"constant_weights",21,"legere","tau[2]",0.300057108862787,0.241935947445084,0.0110630245056046,0.24104825039829,0.928036547454315
"constant_weights",21,"legere","tau[3]",0.669532641818652,0.532217937775057,0.013259494993314,0.555441855264936,1.89628190332584
"constant_weights",21,"legere","tau[4]",0.268753777393495,0.231352648263728,0.0092878429768192,0.203544433896483,0.878054108498565
"constant_weights",22,"legere","tau[1]",0.450700930362257,0.390082473821793,0.0214035882676223,0.348478679767584,1.46604619409306
"constant_weights",22,"legere","tau[2]",0.313335712897727,0.258718314843347,0.00727419492520682,0.246779141574565,0.94574223493498
"constant_weights",22,"legere","tau[3]",0.40721978294553,0.346148517033721,0.0179003678671006,0.315482634194059,1.33376938510696
"constant_weights",22,"legere","tau[4]",0.253548857792787,0.215679141198911,0.00954886442432457,0.201708643926101,0.825461078817594
"constant_weights",23,"legere","tau[1]",0.423077150562351,0.389750550134247,0.0128853722284974,0.306879933357794,1.44785946185939
"constant_weights",23,"legere","tau[2]",0.328882623496553,0.261527283182674,0.0128719606157423,0.264055647080197,0.979412243272614
"constant_weights",23,"legere","tau[3]",0.573803043146007,0.455720102717448,0.0236203059214453,0.462840123260056,1.71808920601868
"constant_weights",23,"legere","tau[4]",0.312224245210489,0.240918846013768,0.0121878903464237,0.260723343229276,0.902727218890563
"constant_weights",24,"legere","tau[1]",0.382295304882464,0.345070934297684,0.0134008462426697,0.271646113544671,1.31883779355058
"constant_weights",24,"legere","tau[2]",0.271902950317883,0.223482639263858,0.0105525960889068,0.220696720011474,0.844444442228016
"constant_weights",24,"legere","tau[3]",0.381080146249291,0.368270019910374,0.0121918060579018,0.27333501308048,1.35867789600659
"constant_weights",24,"legere","tau[4]",0.265628030831086,0.218656802720617,0.0104339531764485,0.208071628693917,0.808480232629601
"constant_weights",25,"legere","tau[1]",0.436765321179413,0.379679959304637,0.0202951135282815,0.338875244215099,1.41113066799965
"constant_weights",25,"legere","tau[2]",0.301323448476133,0.23697685586061,0.0111717401601567,0.246505999961289,0.886617444771503
"constant_weights",25,"legere","tau[3]",0.439523218747933,0.372684460491303,0.0193589036818801,0.35716549638521,1.37261932221358
"constant_weights",25,"legere","tau[4]",0.285646151029493,0.228211853020201,0.0096842696093545,0.233868833267177,0.857072446490329
"constant_weights",26,"legere","tau[1]",0.397803062069724,0.358838808093225,0.0170413516717878,0.293826558990009,1.34902222449329
"constant_weights",26,"legere","tau[2]",0.319148768340181,0.24938293666631,0.0145287167369969,0.263996010177861,0.947292968640309
"constant_weights",26,"legere","tau[3]",0.427459230056847,0.386140926234061,0.013047418362752,0.317520855809257,1.49241666716746
"constant_weights",26,"legere","tau[4]",0.319703032843809,0.245468013972234,0.01534313088928,0.26017595283495,0.929755475683797
"constant_weights",27,"complete","tau[1]",0.749021744591087,0.524980916867823,0.0326869287275198,0.666508312079206,2.01104827065119
"constant_weights",27,"complete","tau[2]",0.269035343358409,0.223238160524449,0.0120068530928085,0.210764453716407,0.832105636049871
"constant_weights",27,"complete","tau[3]",0.661087599851818,0.427505378756123,0.0583708799766049,0.59436114680401,1.69347312126713
"constant_weights",27,"complete","tau[4]",0.277105419022416,0.222203282677589,0.0124528819863455,0.225432783969859,0.828839214565906
"constant_weights",28,"legere","tau[1]",0.430120201276991,0.396633287067796,0.0109899180386305,0.315778616761591,1.49193512588546
"constant_weights",28,"legere","tau[2]",0.359635949330841,0.288207046360114,0.0129274817220974,0.299122474310475,1.06378855191247
"constant_weights",28,"legere","tau[3]",0.340446228300323,0.319268242006107,0.0106186834388726,0.249598848183106,1.16766663996486
"constant_weights",28,"legere","tau[4]",0.280725148584751,0.228266633500309,0.00816488935206188,0.22232873384281,0.850380874195174
"constant_weights",29,"legere","tau[1]",0.62288096651062,0.497759917517792,0.0228442363687175,0.501785138063343,1.79086547011882
"constant_weights",29,"legere","tau[2]",0.310951629778163,0.250323084273789,0.0106483240399803,0.25887483158515,0.92181921890859
"constant_weights",29,"legere","tau[3]",0.409491183618318,0.361692548825827,0.0148604536917558,0.308463787351142,1.39451248673822
"constant_weights",29,"legere","tau[4]",0.307301006396939,0.240174374235918,0.0119217665431926,0.25672149842547,0.911798890400864
"constant_weights",30,"legere","tau[1]",0.459725078359898,0.404594045471371,0.0142501152035919,0.343151438831403,1.50085573160865
"constant_weights",30,"legere","tau[2]",0.258255981586081,0.213876716416072,0.00807839782376433,0.20617387318629,0.808661185563809
"constant_weights",30,"legere","tau[3]",0.399518588285794,0.368822627806384,0.013581364499836,0.292036085309505,1.35166909948421
"constant_weights",30,"legere","tau[4]",0.323133605099532,0.245364417736618,0.0142886381141429,0.274420578588707,0.920430662907808
"horizon_only",1,"legere","tau[1]",0.390205390794363,0.345438466361306,0.0108428848202642,0.299301815815287,1.33490546445216
"horizon_only",1,"legere","tau[2]",0.319403483340071,0.244071437644584,0.0104616318801789,0.269655110850031,0.893200526357798
"horizon_only",1,"legere","tau[3]",1.0466617518027,0.423959799497234,0.428350077845627,0.975200864231088,2.00770475063582
"horizon_only",1,"legere","tau[4]",0.275689506382641,0.226702275310553,0.0104200424409424,0.222240959694168,0.850331230442474
"horizon_only",2,"legere","tau[1]",0.366575308284973,0.340695048349018,0.0148446782433928,0.268646514160871,1.29487386768817
"horizon_only",2,"legere","tau[2]",0.305761539100109,0.238780426716664,0.0132561005451914,0.248882907334642,0.895032886075362
"horizon_only",2,"legere","tau[3]",1.07530085287636,0.439713986426917,0.447654816116865,0.9940035938831,2.10714481662742
"horizon_only",2,"legere","tau[4]",0.287209025209788,0.231057943202036,0.0143240228813493,0.230640164056769,0.882684522040455
"horizon_only",3,"legere","tau[1]",0.375907422484937,0.341116090511612,0.0129655316464376,0.277551806633825,1.2477195673283
"horizon_only",3,"legere","tau[2]",0.290637556902648,0.242011589349974,0.00862865779061351,0.231651298887644,0.901476218115032
"horizon_only",3,"legere","tau[3]",0.789184575915308,0.409920285311377,0.226815019402068,0.707570472821488,1.78371236882652
"horizon_only",3,"legere","tau[4]",0.349447465021465,0.282619783518495,0.0154435640695716,0.280854170302416,1.03134418666516
"horizon_only",4,"complete","tau[1]",0.420161378568206,0.369549325713721,0.0178382179799125,0.318245954414424,1.41109185435507
"horizon_only",4,"complete","tau[2]",0.293172832087388,0.231911969707848,0.0109644836999514,0.240401107963269,0.877525609742395
"horizon_only",4,"complete","tau[3]",0.87445701522134,0.40983742774155,0.297656758477231,0.800786536451114,1.88535561074044
"horizon_only",4,"complete","tau[4]",0.32459200243863,0.244087595933805,0.0128664628651857,0.277848760071435,0.910748639645066
"horizon_only",5,"legere","tau[1]",0.343648970283274,0.330108367654608,0.00913678768078917,0.246626181757419,1.27893065009433
"horizon_only",5,"legere","tau[2]",0.303694620934775,0.240552042887975,0.00768886535773178,0.246800593356191,0.90997021590857
"horizon_only",5,"legere","tau[3]",0.845148371528489,0.394962136439556,0.276004608352999,0.780922381839164,1.75781479766664
"horizon_only",5,"legere","tau[4]",0.286657707523123,0.231817520057014,0.0110235976340038,0.236096475385233,0.876090609164858
"horizon_only",6,"legere","tau[1]",0.507715841849646,0.441716692239321,0.0194803458228945,0.385171393989019,1.61928181107747
"horizon_only",6,"legere","tau[2]",0.420455408422097,0.281292046091158,0.0213257927464523,0.383331202793706,1.07682579853842
"horizon_only",6,"legere","tau[3]",0.921327787706169,0.438448941164425,0.309569271644191,0.836359801835255,1.95199416966002
"horizon_only",6,"legere","tau[4]",0.321105330642185,0.242387087431779,0.0143987354778033,0.267162917420942,0.921346881770566
"horizon_only",7,"legere","tau[1]",0.559626289517653,0.423199465509665,0.0218157959488679,0.47176923258775,1.58408040305974
"horizon_only",7,"legere","tau[2]",0.288274702013378,0.241023977659255,0.00953991567791415,0.230272460516899,0.907202401775584
"horizon_only",7,"legere","tau[3]",0.873965337299755,0.470991924420021,0.163887858034612,0.794674140087102,1.97779268888713
"horizon_only",7,"legere","tau[4]",0.264540462012033,0.217364855648638,0.0112777693620804,0.20845865332214,0.819010154630562
"horizon_only",8,"legere","tau[1]",0.555369139813424,0.449441635896967,0.0159256238255435,0.446476476259317,1.68582186072607
"horizon_only",8,"legere","tau[2]",0.376859522078385,0.25866823778548,0.0153485661750777,0.344824475959096,0.971644273333656
"horizon_only",8,"legere","tau[3]",1.04680180028409,0.418373306537747,0.424592737070331,0.978017019178715,2.0046603453088
"horizon_only",8,"legere","tau[4]",0.317164760140056,0.240101408760818,0.0141926553238535,0.274558276059314,0.882652171649809
"horizon_only",9,"legere","tau[1]",0.519899624777183,0.405829863719751,0.0195256150552353,0.428155943251045,1.53530694378716
"horizon_only",9,"legere","tau[2]",0.270304143029845,0.22067308677701,0.00789055031501782,0.213164556821235,0.84328078251834
"horizon_only",9,"legere","tau[3]",0.775348121048844,0.444595054856029,0.122568477070319,0.70564035727867,1.8284338953555
"horizon_only",9,"legere","tau[4]",0.311133793604634,0.245120853603097,0.0120870733021538,0.255578934300888,0.900141247468713
"horizon_only",10,"complete","tau[1]",0.406808833024462,0.351025028001328,0.0136805060636961,0.318514051494186,1.29947908952905
"horizon_only",10,"complete","tau[2]",0.33697741772196,0.251643690663087,0.0128387422281118,0.288631169575241,0.942861595172929
"horizon_only",10,"complete","tau[3]",0.71583761296798,0.423404454884836,0.104393913031224,0.636221725745278,1.78001376255789
"horizon_only",10,"complete","tau[4]",0.392265534045396,0.259314393868398,0.0188447429112221,0.35811819870632,0.987563033149724
"horizon_only",11,"legere","tau[1]",0.393356602610952,0.346546923087227,0.0132465150658628,0.305513288889573,1.27818626240658
"horizon_only",11,"legere","tau[2]",0.288502502211901,0.235846895377482,0.0106066315708203,0.231336862265628,0.875248313720996
"horizon_only",11,"legere","tau[3]",1.20614862657543,0.493840418267366,0.440905162216589,1.13533761721625,2.38729659995373
"horizon_only",11,"legere","tau[4]",0.279588930920152,0.227864535447581,0.011165526488398,0.223962144370383,0.84275007390146
"horizon_only",12,"complete","tau[1]",0.366353102003474,0.334038126457847,0.0146815087937804,0.269556680689339,1.25949625473462
"horizon_only",12,"complete","tau[2]",0.284522080546344,0.228556430660214,0.0119068470151341,0.229976530127916,0.847143465766613
"horizon_only",12,"complete","tau[3]",0.607653799923291,0.384245357727304,0.0682799452250302,0.532159004410977,1.57784660062477
"horizon_only",12,"complete","tau[4]",0.273967749926052,0.21719628685248,0.00953305996274399,0.221630502063168,0.827497102253152
"horizon_only",13,"legere","tau[1]",0.6823607025147,0.446476897495022,0.0659316417580128,0.596025392179963,1.77910593482179
"horizon_only",13,"legere","tau[2]",0.392325427681907,0.24982823210205,0.0178855563748344,0.36832811502281,0.949980262690717
"horizon_only",13,"legere","tau[3]",0.755735986058305,0.405397863558959,0.139899498203192,0.690580090797734,1.73081635672268
"horizon_only",13,"legere","tau[4]",0.25067232820988,0.208204201799559,0.0102254870339617,0.197607888265838,0.774284618302076
"horizon_only",14,"legere","tau[1]",0.49172968956451,0.403026400834243,0.0170632386362712,0.400818317073199,1.50906469536403
"horizon_only",14,"legere","tau[2]",0.414262339556782,0.279683451577548,0.0222637115673534,0.371784505373103,1.04285390189748
"horizon_only",14,"legere","tau[3]",0.906522916215344,0.428592356306664,0.300124907740445,0.824039227357449,1.9651861767857
"horizon_only",14,"legere","tau[4]",0.30918973614169,0.232205972812803,0.0132035624252784,0.267116712912439,0.861467800757025
"horizon_only",15,"legere","tau[1]",0.447895488192094,0.373751308301428,0.0142688429545094,0.356721483259345,1.38701601914902
"horizon_only",15,"legere","tau[2]",0.315583968544069,0.245653002329124,0.0126660520611037,0.272673358773509,0.920824760598567
"horizon_only",15,"legere","tau[3]",0.775734603613522,0.379476901504899,0.214169588603113,0.709265289542142,1.68902977826215
"horizon_only",15,"legere","tau[4]",0.294025001829718,0.234861059150999,0.0125786055163252,0.243239648642086,0.892529950312049
"horizon_only",16,"legere","tau[1]",0.473140439147363,0.381268291938625,0.0197903897968623,0.396326306056624,1.47687545555247
"horizon_only",16,"legere","tau[2]",0.348091362812168,0.251252855438618,0.0185186798799391,0.304076056418833,0.95626417054321
"horizon_only",16,"legere","tau[3]",1.00968662635325,0.463993391334629,0.347728996687342,0.933077966568256,2.17821805591458
"horizon_only",16,"legere","tau[4]",0.302397580675908,0.252711786521979,0.00989661203389468,0.242038089974973,0.933840334364999
"horizon_only",17,"legere","tau[1]",0.579613983283076,0.446346851576367,0.0264427421805713,0.481528277951662,1.65995176408233
"horizon_only",17,"legere","tau[2]",0.310517766021323,0.235065144571079,0.0105783209134324,0.262769297146291,0.892068585042058
"horizon_only",17,"legere","tau[3]",0.810096630931475,0.42049411544812,0.215367747185997,0.72460091348554,1.78621969485992
"horizon_only",17,"legere","tau[4]",0.433408476751194,0.261119587278872,0.0296516524979504,0.40566720102897,1.04349414232055
"horizon_only",18,"legere","tau[1]",0.711367380020141,0.490339132200767,0.044654191633684,0.616186004193533,1.88119472288922
"horizon_only",18,"legere","tau[2]",0.374934395583121,0.275923167057404,0.0159334347224434,0.319420893150889,1.06029277839511
"horizon_only",18,"legere","tau[3]",1.23432357261487,0.528591264037121,0.408240938820137,1.16782474162161,2.4221427589771
"horizon_only",18,"legere","tau[4]",0.358016753100512,0.273849743697461,0.0120641737266199,0.303812380374513,1.01258240806957
"horizon_only",19,"legere","tau[1]",0.420298284108168,0.37845697697178,0.0103394878239845,0.322904789968591,1.44625399053834
"horizon_only",19,"legere","tau[2]",0.363555918923413,0.248720125155071,0.0237434228624234,0.324698451516685,0.935653156279984
"horizon_only",19,"legere","tau[3]",1.17807866900458,0.455236875860875,0.486745391827948,1.10640110037585,2.25272390905594
"horizon_only",19,"legere","tau[4]",0.315522694078628,0.245327131801401,0.0135546696024066,0.258401476189527,0.900368712355613
"horizon_only",20,"legere","tau[1]",0.403428836303728,0.345296349110357,0.0168605244649572,0.310023835724437,1.29353583126538
"horizon_only",20,"legere","tau[2]",0.270922356794062,0.217641425758717,0.011253378726846,0.21473218803542,0.800844373458698
"horizon_only",20,"legere","tau[3]",0.976514207819311,0.396915285357095,0.407429214414834,0.916497829122732,1.93960247412638
"horizon_only",20,"legere","tau[4]",0.278740786695733,0.231473217597297,0.00892100747123234,0.225657732614188,0.855706953691194
"horizon_only",21,"legere","tau[1]",0.380971350339399,0.349254504907647,0.0138916562734324,0.282951224679909,1.3057929374645
"horizon_only",21,"legere","tau[2]",0.359092335214445,0.260744527764135,0.0154563634270689,0.305905366996474,0.987088268922501
"horizon_only",21,"legere","tau[3]",0.803323858616454,0.370863155986246,0.263727392821486,0.741250443651431,1.65880591166734
"horizon_only",21,"legere","tau[4]",0.319024656320026,0.235709210288946,0.0164263376425091,0.268083416422022,0.891292851391936
"horizon_only",22,"legere","tau[1]",0.388678269797324,0.333520384365393,0.0143607660693383,0.300604151259672,1.20941761627183
"horizon_only",22,"legere","tau[2]",0.30485250495122,0.24141414709439,0.0115421648466195,0.245857488866006,0.905587062707368
"horizon_only",22,"legere","tau[3]",0.88949815959131,0.423353122686651,0.272698375940159,0.815593875755188,1.90276127587053
"horizon_only",22,"legere","tau[4]",0.393861772974345,0.259166759635138,0.0193724583295718,0.356722594523317,0.978221297514878
"horizon_only",23,"legere","tau[1]",0.413009480791477,0.381693483285088,0.0114692637648984,0.303607163001884,1.36101897021062
"horizon_only",23,"legere","tau[2]",0.352923780239385,0.240117052779887,0.017297159099887,0.320102542689358,0.906989484550566
"horizon_only",23,"legere","tau[3]",1.0663805749548,0.464949446665473,0.367329681951034,0.997993972908511,2.12787946628433
"horizon_only",23,"legere","tau[4]",0.263602422495589,0.219520854496914,0.011501176301684,0.211206143824332,0.848740528819288
"horizon_only",24,"legere","tau[1]",0.410691326877401,0.374435116677079,0.0131060054708738,0.305028107349287,1.40299335814829
"horizon_only",24,"legere","tau[2]",0.287924368116279,0.236873607112218,0.00986220614338769,0.232775616909351,0.884434534673758
"horizon_only",24,"legere","tau[3]",1.00653498804441,0.430137569762638,0.392654666760231,0.933180159527902,2.01687012667982
"horizon_only",24,"legere","tau[4]",0.275836504933547,0.216817534525116,0.0121528886906179,0.227558484003729,0.797952661024117
"horizon_only",25,"legere","tau[1]",0.354055489638523,0.323189707673345,0.010771148619383,0.255530017049273,1.193512526752
"horizon_only",25,"legere","tau[2]",0.316139062811493,0.252854766909849,0.0110155004632647,0.257682650908294,0.940037678636331
"horizon_only",25,"legere","tau[3]",1.28160640414795,0.520823848458211,0.475892353540803,1.21298163420617,2.48938067687089
"horizon_only",25,"legere","tau[4]",0.265017082905469,0.214569728545123,0.010409894798264,0.210970377348142,0.797729962702187
"horizon_only",26,"legere","tau[1]",0.41520288629596,0.371942396414214,0.0178392889512399,0.302276819591519,1.34051989015422
"horizon_only",26,"legere","tau[2]",0.31185204962214,0.251062710107925,0.0108097424285413,0.251813042575877,0.939543315381786
"horizon_only",26,"legere","tau[3]",0.956511833350619,0.446382299556427,0.285592989105399,0.888736936734003,2.04312600202002
"horizon_only",26,"legere","tau[4]",0.313988751823511,0.237490517919391,0.0107556821822631,0.268314142401502,0.874012707760334
"horizon_only",27,"legere","tau[1]",0.37543106127686,0.357166728491094,0.0084736955260287,0.266896174796456,1.35092616543584
"horizon_only",27,"legere","tau[2]",0.272894315051707,0.22312062993993,0.0134643575208407,0.218089832698754,0.830480281881801
"horizon_only",27,"legere","tau[3]",0.943202013652179,0.413950961463186,0.33653441744078,0.872701694177492,1.90736987239753
"horizon_only",27,"legere","tau[4]",0.287804109448679,0.231223662898659,0.00849219334318006,0.23012280358769,0.847591986330789
"horizon_only",28,"legere","tau[1]",0.4552764000891,0.375847524837231,0.0134500138957155,0.361420887012545,1.39429115981771
"horizon_only",28,"legere","tau[2]",0.262704058993392,0.229334890563078,0.00776011124375808,0.202705128099641,0.845974670613126
"horizon_only",28,"legere","tau[3]",1.3169758894161,0.446158310184739,0.613991569051332,1.25599663764871,2.33381922620505
"horizon_only",28,"legere","tau[4]",0.305795387893957,0.244141545237848,0.0137876283163947,0.245150791343127,0.900602890366939
"horizon_only",29,"legere","tau[1]",0.46072068596893,0.392577815997273,0.0208650653049124,0.356038973133135,1.51072159041474
"horizon_only",29,"legere","tau[2]",0.281831523217108,0.230184562353799,0.0107294606555672,0.228366158895903,0.835150311707587
"horizon_only",29,"legere","tau[3]",1.10487380718349,0.430185306118867,0.45699393156853,1.02952975852409,2.10861909911792
"horizon_only",29,"legere","tau[4]",0.316544893956055,0.235286941876229,0.0142403112172228,0.270603822288676,0.886111143406375
"horizon_only",30,"legere","tau[1]",0.69806929779126,0.4906244254087,0.0380913835213583,0.617116990821716,1.87972985747507
"horizon_only",30,"legere","tau[2]",0.319560458114227,0.245713406973137,0.0161829619771747,0.264978614197818,0.909591114641961
"horizon_only",30,"legere","tau[3]",1.05426045988346,0.431357154945851,0.424841033416815,0.976941436451453,2.09703210039542
"horizon_only",30,"legere","tau[4]",0.292019340436203,0.238567936408963,0.0104454508453748,0.229187426759481,0.889536193335579
"age_horizon",1,"legere","tau[1]",0.584912727911504,0.452008691982334,0.0298890953617709,0.48277004872161,1.70191266163333
"age_horizon",1,"legere","tau[2]",0.296430472824511,0.236294293115525,0.00796629295329428,0.239143517526549,0.870212018348913
"age_horizon",1,"legere","tau[3]",0.790108648435381,0.459604733216448,0.0957237401753306,0.716284882618254,1.83643065287044
"age_horizon",1,"legere","tau[4]",0.404604733398851,0.276554639860841,0.022562481841886,0.369277060747442,1.04306702210754
"age_horizon",2,"legere","tau[1]",0.83598275233076,0.527878033296009,0.0530574995706219,0.774889154453996,2.06491856214325
"age_horizon",2,"legere","tau[2]",0.308556656425566,0.254305911310099,0.00962140878849349,0.245987716980997,0.937212692580319
"age_horizon",2,"legere","tau[3]",1.06777916056996,0.494397094529769,0.321067292304255,0.990723659560357,2.24624016141469
"age_horizon",2,"legere","tau[4]",0.504321904791186,0.306163524390139,0.0216687736119451,0.480738987004903,1.15200686359507
"age_horizon",3,"legere","tau[1]",0.411217453783221,0.365831576244571,0.0117172292898894,0.310596913179421,1.32533759121074
"age_horizon",3,"legere","tau[2]",0.276528400667216,0.229749818843138,0.00802795858583443,0.224715940766096,0.824366298560875
"age_horizon",3,"legere","tau[3]",0.874615529500606,0.492652190018729,0.126577087346449,0.813087604946987,2.00649442717569
"age_horizon",3,"legere","tau[4]",0.336168692015899,0.258431733427965,0.0141981064816425,0.281941508297969,0.961360797986375
"age_horizon",4,"legere","tau[1]",0.574727195727531,0.432545088431009,0.0274066701580335,0.490712920984613,1.61449995057683
"age_horizon",4,"legere","tau[2]",0.289944057518658,0.231717581124553,0.0111882866789307,0.239363043789764,0.846920462268658
"age_horizon",4,"legere","tau[3]",0.97294822833941,0.497912502975003,0.236043860904445,0.899816061304428,2.15390148741064
"age_horizon",4,"legere","tau[4]",0.481322775926354,0.289182888538467,0.0245633205321461,0.46040666065611,1.12905696142971
"age_horizon",5,"legere","tau[1]",0.880125939188112,0.490998307575654,0.098928243258548,0.816226752087403,2.07294344790785
"age_horizon",5,"legere","tau[2]",0.36997719963834,0.274160021181131,0.0158951115213836,0.320773946775654,1.02121076889487
"age_horizon",5,"legere","tau[3]",0.608204815531857,0.491736571994515,0.0160329858538515,0.484034965508772,1.81434661786302
"age_horizon",5,"legere","tau[4]",0.561799552384242,0.310497385523856,0.0454197319246447,0.541475621052676,1.2478166660903
"age_horizon",6,"legere","tau[1]",0.56325723967181,0.396824038611885,0.0406210222068152,0.487490339279431,1.57826818096627
"age_horizon",6,"legere","tau[2]",0.324277517944704,0.245978521064176,0.0176292641899687,0.271383269843986,0.916791694505334
"age_horizon",6,"legere","tau[3]",0.817908308053282,0.409559048253442,0.1783285631571,0.761452364908813,1.76727379744804
"age_horizon",6,"legere","tau[4]",0.526513865422979,0.265507971609288,0.0658506168946309,0.50894012135006,1.10994409288625
"age_horizon",7,"legere","tau[1]",0.608340722418475,0.48873901514291,0.0240650807690977,0.488843459999315,1.79107750057496
"age_horizon",7,"legere","tau[2]",0.35211270051723,0.26258467038741,0.0193161159954147,0.299237195653545,0.96788270021799
"age_horizon",7,"legere","tau[3]",0.89410618790975,0.443370622903254,0.237628380712343,0.825401744554393,1.97548837269608
"age_horizon",7,"legere","tau[4]",0.505916055746323,0.270609874499774,0.0481576759244228,0.483952969978437,1.1233491010892
"age_horizon",8,"legere","tau[1]",0.365058236438523,0.328480860763145,0.0110084232632186,0.274630560408771,1.23497702347393
"age_horizon",8,"legere","tau[2]",0.297458971450587,0.242112515934397,0.0127772132182342,0.239401477190355,0.90671928664334
"age_horizon",8,"legere","tau[3]",0.844315983775154,0.455547997326956,0.196941972998907,0.766110457015862,2.01346945274706
"age_horizon",8,"legere","tau[4]",0.254882738058578,0.210871600610516,0.00759152888891698,0.208687094724724,0.791450308284819
"age_horizon",9,"complete","tau[1]",0.453396682644688,0.400531664203773,0.0159121878999524,0.340294813961943,1.5186131444139
"age_horizon",9,"complete","tau[2]",0.292106833051941,0.235526168817243,0.014937824371009,0.231616955184827,0.897189179770972
"age_horizon",9,"complete","tau[3]",0.812410423825124,0.449787870498277,0.155718636229848,0.741036554373457,1.9206093958737
"age_horizon",9,"complete","tau[4]",0.290423457495076,0.230981450894532,0.0131130378321346,0.234765082141231,0.876782671301781
"age_horizon",10,"legere","tau[1]",0.666459069170907,0.497403884371623,0.0310566532603594,0.573919043569645,1.80375309209888
"age_horizon",10,"legere","tau[2]",0.341126440504471,0.251150311670438,0.0181671309514083,0.288641039947048,0.932226686998747
"age_horizon",10,"legere","tau[3]",0.8786479069177,0.48760038040563,0.145657850368826,0.79981715233048,2.0674191787028
"age_horizon",10,"legere","tau[4]",0.388015072994639,0.290352671745061,0.0141201294417465,0.327691908400406,1.08742923539787
"age_horizon",11,"legere","tau[1]",0.71718449509161,0.564806306164137,0.025788886725198,0.606788136505359,2.01701178393593
"age_horizon",11,"legere","tau[2]",0.352072783890165,0.261585841716503,0.0149057597817936,0.293752490481839,0.979670267489549
"age_horizon",11,"legere","tau[3]",0.98601054783598,0.526104739977453,0.142825901851607,0.906122228560229,2.16867765159757
"age_horizon",11,"legere","tau[4]",0.457112626517802,0.289782897936642,0.0368508904138118,0.422319705841453,1.1177420140317
"age_horizon",12,"legere","tau[1]",0.393825222308338,0.356740578091536,0.0114411660866981,0.296534895173414,1.30633903168691
"age_horizon",12,"legere","tau[2]",0.335829120536943,0.253895287174023,0.0119648350774554,0.276634113482543,0.943363651265667
"age_horizon",12,"legere","tau[3]",0.947674667023158,0.464336653185521,0.309404507986175,0.864284543047851,2.08000405364458
"age_horizon",12,"legere","tau[4]",0.330670220617788,0.253015824996186,0.0141847829018451,0.276098010036048,0.953972644706571
"age_horizon",13,"legere","tau[1]",0.531834978383605,0.428751097381955,0.0233703929163674,0.435034736245354,1.59573489739342
"age_horizon",13,"legere","tau[2]",0.456054277617289,0.324049098056143,0.0208252462087166,0.40074410141998,1.21295200048421
"age_horizon",13,"legere","tau[3]",1.10589632107845,0.467690044565106,0.404407817123921,1.02111251565595,2.22726198051585
"age_horizon",13,"legere","tau[4]",0.409748076018014,0.275396003480844,0.0134309978871294,0.365382715046666,1.0316956940628
"age_horizon",14,"legere","tau[1]",0.621335345137902,0.4914252972555,0.0247166951777969,0.512013536813285,1.76959111079995
"age_horizon",14,"legere","tau[2]",0.314052494372012,0.233775378161914,0.0184268246474866,0.261912057131446,0.876809759444012
"age_horizon",14,"legere","tau[3]",0.607960153309292,0.447236260656935,0.0387351819684724,0.505120093339477,1.72701042055184
"age_horizon",14,"legere","tau[4]",0.270903589042585,0.226057967882613,0.0083022174671018,0.211843392884799,0.847851622167036
"age_horizon",15,"legere","tau[1]",0.495166368344753,0.411239552087067,0.0164221496470741,0.386567401801229,1.51102098140895
"age_horizon",15,"legere","tau[2]",0.30014569269921,0.234001874654194,0.0107904094138533,0.249295631465837,0.884642394663486
"age_horizon",15,"legere","tau[3]",1.23968669548118,0.535671501145778,0.419176979518501,1.15841954893951,2.49192886703249
"age_horizon",15,"legere","tau[4]",0.426092141697368,0.279327949051273,0.0156667537126161,0.381107113852053,1.05848385871828
"age_horizon",16,"complete","tau[1]",0.377125181145366,0.34198396523067,0.00991295661199357,0.286902601423466,1.22795185092838
"age_horizon",16,"complete","tau[2]",0.407153594011261,0.270360051823353,0.0189949060369233,0.368874402744947,1.02798236238991
"age_horizon",16,"complete","tau[3]",0.664557989645568,0.419973739842892,0.0537474582158887,0.592594693256701,1.68545710161368
"age_horizon",16,"complete","tau[4]",0.254870770170137,0.215099776124179,0.0108887585144302,0.199418605767232,0.818936014074401
"age_horizon",17,"complete","tau[1]",0.430723482242362,0.366645968967797,0.0150652538202553,0.340897525871393,1.38205818898892
"age_horizon",17,"complete","tau[2]",0.30725597090037,0.240763098247612,0.0138729045568919,0.251322454916422,0.895013118935212
"age_horizon",17,"complete","tau[3]",0.753626404343863,0.450461283191308,0.0822044556612582,0.683134904494984,1.81770277826443
"age_horizon",17,"complete","tau[4]",0.387854717434325,0.274722712197667,0.015454668680371,0.344371355019526,1.03679854357295
"age_horizon",18,"legere","tau[1]",0.499835791521645,0.391971759122979,0.0252622731337242,0.409531127625659,1.48791747967276
"age_horizon",18,"legere","tau[2]",0.290124862388929,0.236229231575731,0.0104180996635392,0.234490954938667,0.887913518457688
"age_horizon",18,"legere","tau[3]",1.04568000431259,0.514651257904983,0.284961181472353,0.974212828781015,2.28474643185289
"age_horizon",18,"legere","tau[4]",0.354045288674307,0.255078104620427,0.0129513899190825,0.305981806132306,0.951694876335565
"age_horizon",19,"complete","tau[1]",0.486309965694593,0.419755088316316,0.0147498726943532,0.372057065492555,1.54452133534788
"age_horizon",19,"complete","tau[2]",0.325914719397016,0.25359429870783,0.0104154680240233,0.269845287243015,0.949347009779831
"age_horizon",19,"complete","tau[3]",0.836460247253841,0.430299510049629,0.177684103057864,0.776336315459418,1.83320246447481
"age_horizon",19,"complete","tau[4]",0.534694154312594,0.286901836628547,0.0540442013189478,0.51533016807658,1.164709779362
"age_horizon",20,"legere","tau[1]",0.799351010733356,0.503073842653474,0.075609122874292,0.717830234052316,1.98610810591488
"age_horizon",20,"legere","tau[2]",0.264767743355288,0.214217185045021,0.00856335443682947,0.211863483295092,0.781516900889744
"age_horizon",20,"legere","tau[3]",1.22548362077946,0.528322031337938,0.38244912504951,1.18370371705548,2.45893564266555
"age_horizon",20,"legere","tau[4]",0.433955471063553,0.28625880168824,0.0201713046947265,0.398576321979873,1.08175173018046
"age_horizon",21,"legere","tau[1]",0.467237820562371,0.400717090901668,0.0150984881839445,0.365607854110386,1.44998829940288
"age_horizon",21,"legere","tau[2]",0.296545470970344,0.234085274600415,0.0129574333228486,0.252416298187481,0.875521183304896
"age_horizon",21,"legere","tau[3]",1.02415724847945,0.491272895067022,0.258257401076036,0.957527732546212,2.20847248151371
"age_horizon",21,"legere","tau[4]",0.463920765835404,0.303763679193097,0.0265437494194333,0.41988610485787,1.1286262418376
"age_horizon",22,"legere","tau[1]",0.872229970904699,0.544992290603146,0.0394911236537884,0.810578632548289,2.08380089190601
"age_horizon",22,"legere","tau[2]",0.322703655242341,0.254747705003066,0.00984201830340627,0.272702758209791,0.935149537444984
"age_horizon",22,"legere","tau[3]",0.856214831086117,0.472785688615254,0.108877508973035,0.790339432822469,1.9132162797571
"age_horizon",22,"legere","tau[4]",0.400995133004177,0.278948961492714,0.0186913898716973,0.358254695299452,1.09770822513887
"age_horizon",23,"legere","tau[1]",0.496739709682035,0.421004405910989,0.0160153460569753,0.386232565810356,1.53016097877292
"age_horizon",23,"legere","tau[2]",0.323646369366303,0.24856538753922,0.0130853532506026,0.264392026786885,0.934991173483598
"age_horizon",23,"legere","tau[3]",0.961241557010215,0.441392591477729,0.288227050201231,0.894508810534017,1.99606074693472
"age_horizon",23,"legere","tau[4]",0.311711792451007,0.239985928652129,0.0125819387144452,0.25620500487336,0.893712585462881
"age_horizon",24,"complete","tau[1]",0.473257686691059,0.415074527054715,0.0193597086992355,0.362679387623444,1.51041394103212
"age_horizon",24,"complete","tau[2]",0.33446819694865,0.258104549043379,0.0117486731908427,0.281477558789783,0.947429367093173
"age_horizon",24,"complete","tau[3]",1.06593934066387,0.524562632790079,0.210263686905684,1.0172737455293,2.21719174074536
"age_horizon",24,"complete","tau[4]",0.507882997754541,0.313936567826487,0.0297641970153241,0.475537801132903,1.18526312788963
"age_horizon",25,"legere","tau[1]",0.660646251379641,0.476100932263914,0.0251020936563418,0.572598066679813,1.80133773596837
"age_horizon",25,"legere","tau[2]",0.283353509574435,0.221311738367815,0.0112095511920834,0.23432151384018,0.819689678932362
"age_horizon",25,"legere","tau[3]",0.939465319774953,0.462626626731805,0.258042586674726,0.865128544341182,2.02014401756897
"age_horizon",25,"legere","tau[4]",0.39554323189232,0.27251920309047,0.0211107022865644,0.346155991238035,1.04035331142057
"age_horizon",26,"legere","tau[1]",0.466165433543302,0.397833623412373,0.0154512927037339,0.368636905102659,1.47917985058301
"age_horizon",26,"legere","tau[2]",0.51445331492305,0.307883415801793,0.0420083597971467,0.486853255599169,1.18935882095471
"age_horizon",26,"legere","tau[3]",0.844966935645444,0.532355133750813,0.0651962728075407,0.770932042907451,2.02421411579892
"age_horizon",26,"legere","tau[4]",0.405709225454955,0.262577147139015,0.0205681813316452,0.369439263175507,1.00108864887745
"age_horizon",27,"legere","tau[1]",0.424326136021803,0.397321302407343,0.0144598961443441,0.30348299447589,1.4709527145685
"age_horizon",27,"legere","tau[2]",0.522597565725184,0.29956361674575,0.0405763202631554,0.494675054714372,1.15377532100835
"age_horizon",27,"legere","tau[3]",0.536468025206198,0.410462560851959,0.0287269260474448,0.446701547987616,1.61013885229733
"age_horizon",27,"legere","tau[4]",0.448252401993842,0.276638311285552,0.0268583440025366,0.414689120550157,1.08011152612814
"age_horizon",28,"legere","tau[1]",0.720981107948233,0.548433196812596,0.0236419412230978,0.606726266694257,1.99079310318598
"age_horizon",28,"legere","tau[2]",0.342766186741721,0.270310812437916,0.013967297029101,0.284777861707558,0.987910999802615
"age_horizon",28,"legere","tau[3]",1.36445387310742,0.606195280430069,0.32107920790449,1.32844667469921,2.69372314766408
"age_horizon",28,"legere","tau[4]",0.575039692638146,0.322651178932303,0.0411626373478526,0.56037772491737,1.27941979722236
"age_horizon",29,"legere","tau[1]",0.683156887450087,0.481645505597033,0.0362082699054927,0.60464233695723,1.84711551243821
"age_horizon",29,"legere","tau[2]",0.482052402632377,0.312061451076886,0.0260600497726839,0.443774123921009,1.18356486581183
"age_horizon",29,"legere","tau[3]",0.655842514648399,0.495360004040878,0.0269605963080182,0.555367627273205,1.84721558006657
"age_horizon",29,"legere","tau[4]",0.382209534742681,0.272773880654287,0.0188434000414311,0.334268118253912,1.01720430085458
"age_horizon",30,"legere","tau[1]",0.477178762185818,0.382576125659637,0.0228413080960102,0.387501742555052,1.42808911472058
"age_horizon",30,"legere","tau[2]",0.275762840449775,0.231436427703138,0.0104839545486229,0.21825994812237,0.854047114567967
"age_horizon",30,"legere","tau[3]",1.02339642542956,0.508656063656282,0.281789748755677,0.941905739254605,2.2120120821923
"age_horizon",30,"legere","tau[4]",0.566851211652435,0.27862764050197,0.0924976953198174,0.536968694230798,1.19434669098721
"low_information",1,"legere","tau[1]",0.802853115263937,0.596367310737733,0.0222118525480744,0.688031449141956,2.23472297297997
"low_information",1,"legere","tau[2]",0.403844860655265,0.30574349042615,0.013933468298981,0.34197065399563,1.13842639869132
"low_information",1,"legere","tau[3]",0.80478935273711,0.584920513967155,0.0317897458806085,0.698856832218647,2.24329244066477
"low_information",1,"legere","tau[4]",0.407533438955351,0.303154058258989,0.0152551361352772,0.349484642678284,1.14955938190971
"low_information",2,"legere","tau[1]",0.801841012063787,0.606083512876708,0.0277435836659573,0.667722833300182,2.25451800375061
"low_information",2,"legere","tau[2]",0.408326176881921,0.312057279695067,0.0180996654132896,0.338834785194759,1.18217680835339
"low_information",2,"legere","tau[3]",0.864961416714323,0.633078073537008,0.038069786659561,0.764421415843409,2.37369751862948
"low_information",2,"legere","tau[4]",0.3980737223621,0.300806711189577,0.0141050922859851,0.33211548674064,1.09974352008897
"low_information",3,"legere","tau[1]",0.792141970230002,0.601400400864328,0.0308895002776642,0.664869003533479,2.30548787561029
"low_information",3,"legere","tau[2]",0.400368863627319,0.302381938429427,0.0154023433335749,0.337808933995526,1.10932992801143
"low_information",3,"legere","tau[3]",0.791920766358605,0.592827634615949,0.0424524529569286,0.677945289026559,2.21896368591528
"low_information",3,"legere","tau[4]",0.391955802759114,0.292519324363295,0.0131128119224446,0.334260193450021,1.11066426212273
"low_information",4,"legere","tau[1]",0.809848819655766,0.608402636793377,0.0378876925594788,0.691319841900211,2.25988551018829
"low_information",4,"legere","tau[2]",0.402347234777349,0.298728927495779,0.0208504922626297,0.343197258098306,1.1337294316327
"low_information",4,"legere","tau[3]",0.822197186412418,0.580507004642568,0.0455396849771114,0.726392367240377,2.20557063824661
"low_information",4,"legere","tau[4]",0.390697889902008,0.307416839181786,0.0110878501157555,0.322119040579332,1.13412255385771
"low_information",5,"legere","tau[1]",0.798692902447904,0.582461545720426,0.0419752561408684,0.691108888920049,2.11920479180808
"low_information",5,"legere","tau[2]",0.394204218304014,0.309476345140431,0.0125206687672694,0.321042565401154,1.13684203929992
"low_information",5,"legere","tau[3]",0.79268970846532,0.593924242962094,0.0286876240394281,0.677147765792317,2.17187132673949
"low_information",5,"legere","tau[4]",0.39646044615655,0.300822886522399,0.0159375031892746,0.33156790271892,1.10872074706527
"low_information",6,"legere","tau[1]",0.765702404467968,0.600149700774526,0.0380708437393023,0.618932690018873,2.22202299677462
"low_information",6,"legere","tau[2]",0.384393398882435,0.298054777447582,0.0121159179932997,0.310737356250483,1.10482613521711
"low_information",6,"legere","tau[3]",0.801039411613649,0.594942836419391,0.0364306624514443,0.68259581769076,2.20392760612773
"low_information",6,"legere","tau[4]",0.399550036910138,0.299773796297189,0.0199073734628136,0.339476002488934,1.11612658065665
"low_information",7,"legere","tau[1]",0.772267690060676,0.597119748306057,0.0283632343490153,0.64770623572987,2.18891526924471
"low_information",7,"legere","tau[2]",0.391651289920353,0.30297149453029,0.0179101918048846,0.320692828413576,1.11886750730833
"low_information",7,"legere","tau[3]",0.79658130341592,0.58905663769027,0.0374655947617451,0.691944841423474,2.23998034530706
"low_information",7,"legere","tau[4]",0.404104884735742,0.296846669215912,0.0205170768373982,0.344441004218794,1.08776094210804
"low_information",8,"legere","tau[1]",0.784171293837206,0.586072172641483,0.0311790928756988,0.669200969988131,2.24370558991571
"low_information",8,"legere","tau[2]",0.389881545914975,0.303153370952291,0.0140816218366898,0.324544572588266,1.11848613445653
"low_information",8,"legere","tau[3]",0.785606151924728,0.600587304470413,0.0277375859484254,0.671761698249084,2.19185047397214
"low_information",8,"legere","tau[4]",0.408142147200921,0.298748330111806,0.0151981517984335,0.346876448043585,1.10019434412177
"low_information",9,"legere","tau[1]",0.800315208458531,0.604881348561148,0.0263915774068259,0.688535585066735,2.20430505508435
"low_information",9,"legere","tau[2]",0.399965799659249,0.293384329382873,0.0184627877777424,0.343706873371774,1.09267725902279
"low_information",9,"legere","tau[3]",0.807558523215764,0.591516002654883,0.0306857008572234,0.701697417088351,2.19967799109804
"low_information",9,"legere","tau[4]",0.39748713689503,0.291561951527409,0.0158453049631238,0.336412622409311,1.05491500584389
"low_information",10,"legere","tau[1]",0.801327984573932,0.61086108462868,0.021004391750748,0.674463415974233,2.21733078250218
"low_information",10,"legere","tau[2]",0.40653533998868,0.320860965991297,0.0144402895876023,0.329685897236675,1.17146948763436
"low_information",10,"legere","tau[3]",0.810118092635726,0.601231801828252,0.0440174268759959,0.690153584505441,2.22639932874461
"low_information",10,"legere","tau[4]",0.400837671987447,0.304268750832033,0.0177227288316029,0.340580142617071,1.1167330137807
"low_information",11,"legere","tau[1]",0.768402549521327,0.60365039407598,0.0305073243185198,0.627247741797307,2.33287760229103
"low_information",11,"legere","tau[2]",0.393066560315053,0.297281870762328,0.0140496248063594,0.331829308049365,1.10050913745196
"low_information",11,"legere","tau[3]",0.816038657893986,0.622702781208365,0.0332478187180503,0.680970222873144,2.31496698092184
"low_information",11,"legere","tau[4]",0.406018690046933,0.313785464804389,0.0135762144649432,0.342524616670757,1.14662096147577
"low_information",12,"legere","tau[1]",0.801312950716458,0.621969664852889,0.0258562479189619,0.665606043589497,2.25824224847965
"low_information",12,"legere","tau[2]",0.386992073764091,0.304968443335892,0.0126628558061186,0.31759768421768,1.10886782034143
"low_information",12,"legere","tau[3]",0.8040928050154,0.605570300257197,0.0284658887598788,0.678419093232919,2.25695435890865
"low_information",12,"legere","tau[4]",0.403471963840193,0.301755242348353,0.0170883663759822,0.345235806373509,1.12666110343221
"low_information",13,"legere","tau[1]",0.784511696697996,0.61426545705508,0.0236360017344175,0.64640969013496,2.28852041336822
"low_information",13,"legere","tau[2]",0.400685715472561,0.305587848956558,0.0101004398820371,0.333095588355494,1.12017806488849
"low_information",13,"legere","tau[3]",0.797942629516384,0.567607829654627,0.0428328971962148,0.710235045984141,2.10217943773411
"low_information",13,"legere","tau[4]",0.405689076570295,0.302909537894154,0.0144491720036182,0.348823306317021,1.12814710117502
"low_information",14,"legere","tau[1]",0.794033890804995,0.618380568113821,0.0216630288443053,0.665572766976817,2.30125538233415
"low_information",14,"legere","tau[2]",0.40436095578056,0.29639731776256,0.0198237822563778,0.344672157246239,1.08387629283642
"low_information",14,"legere","tau[3]",0.818553804449496,0.59925539954528,0.046874817574037,0.69464115364907,2.20226315361731
"low_information",14,"legere","tau[4]",0.394611407686142,0.298199272628311,0.0164141529959569,0.330294806969451,1.10470937908563
"low_information",15,"legere","tau[1]",0.799953051465671,0.609261194382535,0.038399537828705,0.687427212648121,2.21352770082244
"low_information",15,"legere","tau[2]",0.394326539292573,0.298502661509398,0.010827959358311,0.333291652817768,1.12764962777866
"low_information",15,"legere","tau[3]",0.809714926721186,0.608399098025776,0.0366527813279489,0.691825437469114,2.29030731947461
"low_information",15,"legere","tau[4]",0.39759698850727,0.299742660082836,0.015775634011421,0.328787842119708,1.10472077035902
"low_information",16,"legere","tau[1]",0.801403419873309,0.567950367295823,0.0447078371859789,0.712431790529997,2.10740861347649
"low_information",16,"legere","tau[2]",0.391632282273429,0.303391471804114,0.013076773909993,0.328695767413751,1.13811449388577
"low_information",16,"legere","tau[3]",0.797214012257202,0.594616803073296,0.0239957895167546,0.678764930518239,2.19225218859021
"low_information",16,"legere","tau[4]",0.38814415409371,0.301051528358184,0.0117542587322982,0.32538631166033,1.12460298812594
"low_information",17,"legere","tau[1]",0.797198835640062,0.59267059334413,0.0376696047805763,0.679230627731852,2.22480882942384
"low_information",17,"legere","tau[2]",0.391769607256097,0.292499802078025,0.0168049095662913,0.333621670072272,1.08210652697464
"low_information",17,"legere","tau[3]",0.796688524794484,0.58836367231524,0.0292028115302373,0.688793745183274,2.16168996657417
"low_information",17,"legere","tau[4]",0.394211244270906,0.293806976032704,0.0139162776183554,0.345642851626664,1.08958913640476
"low_information",18,"legere","tau[1]",0.79033968021427,0.59863628875912,0.0380635651815772,0.64186434988617,2.28851686320175
"low_information",18,"legere","tau[2]",0.407226751162763,0.299007873246861,0.0201906311456307,0.349934350774235,1.123856707765
"low_information",18,"legere","tau[3]",0.776492767775281,0.580668454889567,0.03370724914075,0.649192601497548,2.18773698701503
"low_information",18,"legere","tau[4]",0.403996733233847,0.302542000132055,0.0145563325426888,0.340337753280934,1.12795141806331
"low_information",19,"legere","tau[1]",0.787373200926293,0.61264543016361,0.0251581787427301,0.665631542148249,2.2316727778533
"low_information",19,"legere","tau[2]",0.387752022694752,0.302213688627363,0.0118277198499012,0.320023837249974,1.10132449288848
"low_information",19,"legere","tau[3]",0.809765889743945,0.618187695001924,0.0263831194130981,0.674874306727798,2.3093290607135
"low_information",19,"legere","tau[4]",0.393735142945878,0.288358078081511,0.0161723823427109,0.340848776250998,1.09269513975747
"low_information",20,"legere","tau[1]",0.814734816396708,0.599379590287294,0.0230079731127693,0.714495528903136,2.28109143284073
"low_information",20,"legere","tau[2]",0.403485982183097,0.314236381013765,0.00997303215303718,0.33685047291708,1.1809837034234
"low_information",20,"legere","tau[3]",0.79797605543789,0.595392534255925,0.0377560492265752,0.671498342315608,2.24681901451016
"low_information",20,"legere","tau[4]",0.417565401117825,0.299689206945304,0.0194324991574399,0.372019796308906,1.09847312050826
"low_information",21,"legere","tau[1]",0.804823510756489,0.575387009805793,0.0389293262770256,0.700905592979153,2.16659607573278
"low_information",21,"legere","tau[2]",0.392775676443707,0.304328937171484,0.0121871353561202,0.325064578082632,1.11543437505729
"low_information",21,"legere","tau[3]",0.792729158576029,0.599948308281346,0.0356737595264142,0.666537073591995,2.22864452524931
"low_information",21,"legere","tau[4]",0.394869091314088,0.293656572192739,0.0128413669564468,0.337172367748027,1.08266145636191
"low_information",22,"legere","tau[1]",0.816808511026177,0.612599462265438,0.0289809222764562,0.69869679929023,2.27447623641825
"low_information",22,"legere","tau[2]",0.408850217174175,0.312533719687945,0.0120704631628436,0.343199648347206,1.13556322728577
"low_information",22,"legere","tau[3]",0.778415236050441,0.577150713911155,0.0373106157098745,0.657415139364378,2.11323735939772
"low_information",22,"legere","tau[4]",0.402371341953516,0.298769146737409,0.0217967417780843,0.343317067046295,1.09556030849972
"low_information",23,"legere","tau[1]",0.831592842585701,0.61964597505154,0.0303123791207388,0.713010473017026,2.27477345254864
"low_information",23,"legere","tau[2]",0.392212160868141,0.313486797103105,0.0103567929136549,0.325571494761799,1.17720728204726
"low_information",23,"legere","tau[3]",0.800942112719462,0.605493350486398,0.0323650307192463,0.67408988483956,2.27291832519478
"low_information",23,"legere","tau[4]",0.40871496467706,0.310202331866906,0.0170948525326198,0.339054137243517,1.15500873957793
"low_information",24,"legere","tau[1]",0.776224417014566,0.598269532778541,0.0195797862750282,0.654825929639677,2.20213193493194
"low_information",24,"legere","tau[2]",0.395597404221704,0.29928426928354,0.0154156486388157,0.336825739220493,1.07277457390157
"low_information",24,"legere","tau[3]",0.782001921331994,0.613613952766737,0.0209626335676384,0.648147822194789,2.26591636987057
"low_information",24,"legere","tau[4]",0.406762058788613,0.313906691837509,0.0124958191032862,0.338930014286429,1.14791468308276
"low_information",25,"legere","tau[1]",0.795097904121517,0.588728642788375,0.0380532794629755,0.672044853090501,2.19577734416234
"low_information",25,"legere","tau[2]",0.396985004078479,0.300859335041925,0.0203480361476854,0.332925394978866,1.11419621082824
"low_information",25,"legere","tau[3]",0.813627123334559,0.601004288162674,0.0462258616333313,0.687482229851241,2.27588807597814
"low_information",25,"legere","tau[4]",0.394360141793374,0.300765586543741,0.0103122105089584,0.337231050284209,1.11472520718508
"low_information",26,"legere","tau[1]",0.797545338250834,0.589508477506797,0.0340050235646261,0.677950155974583,2.14350687496175
"low_information",26,"legere","tau[2]",0.399647176950632,0.283459957174141,0.0218054176072873,0.3511121955714,1.05768965755777
"low_information",26,"legere","tau[3]",0.800905610021287,0.601783191705537,0.0330553134807754,0.686705051725329,2.21790286007635
"low_information",26,"legere","tau[4]",0.396886881600951,0.29930777454088,0.0194893082224827,0.32896009319532,1.10337550521537
"low_information",27,"legere","tau[1]",0.790024375630336,0.622027062947431,0.0252405352477161,0.649323099059459,2.26764039179397
"low_information",27,"legere","tau[2]",0.398155423987651,0.308454026234262,0.0129381344492768,0.332229734112901,1.17890782882772
"low_information",27,"legere","tau[3]",0.777069330006534,0.602283390824813,0.0276655429257907,0.634065555252631,2.21646484629784
"low_information",27,"legere","tau[4]",0.404409862961459,0.304489409329555,0.0140765598801518,0.341128311520507,1.14113353182232
"low_information",28,"legere","tau[1]",0.800948109358512,0.605964283823847,0.0310285547769491,0.66802795785155,2.33136775104129
"low_information",28,"legere","tau[2]",0.39967786992509,0.289885795753862,0.0214029696026676,0.33585292316624,1.09507933746516
"low_information",28,"legere","tau[3]",0.806064382394552,0.604553981143455,0.03143181358254,0.66757729991994,2.22556877939536
"low_information",28,"legere","tau[4]",0.403967278057358,0.299828191012432,0.0140319221002108,0.350872061769388,1.11964875289366
"low_information",29,"legere","tau[1]",0.76611864490821,0.611170943649007,0.032168006264579,0.619107276051672,2.30998569020833
"low_information",29,"legere","tau[2]",0.40004817571917,0.298599232863263,0.0122941384762913,0.344663197160322,1.11048783295624
"low_information",29,"legere","tau[3]",0.791680391379007,0.581171847086507,0.0313213496550933,0.699490133678092,2.1742704731981
"low_information",29,"legere","tau[4]",0.395866168185072,0.306914636248811,0.0143719142449262,0.333394572978347,1.14962632653139
"low_information",30,"legere","tau[1]",0.811885633949408,0.596636087874181,0.0323455295330895,0.688854206346975,2.28708827330605
"low_information",30,"legere","tau[2]",0.394839328005133,0.303919234750914,0.0111976109918426,0.328436869567829,1.12614215480916
"low_information",30,"legere","tau[3]",0.791602349004341,0.577021429796531,0.0366185882812392,0.680851786272198,2.12221354644912
"low_information",30,"legere","tau[4]",0.407931912934745,0.297174232178787,0.0212662233387811,0.345333925800259,1.1064845316466
