"scenario","repetition","method","weight_bias","weight_rmse","mean_absolute_weight_error","extreme_low_proportion","extreme_high_proportion","extreme_weight_proportion","posterior_95_coverage","mean_interval_width"
"constant_weights",1,"stacking_contextual",-6.81503372218404e-18,0.280511184620708,0.187508714570063,0.58,0.0351219512195122,0.615121951219512,,
"constant_weights",1,"stacking_global",2.65251962157875e-18,0.0769587327515723,0.0612617622221498,0.2,0,0.2,,
"constant_weights",1,"stacking_hierarchical",-5.25072501145873e-18,0.0672004411527603,0.0551372641096912,0,0,0,1,0.366223150390628
"constant_weights",2,"stacking_contextual",-6.07991820528345e-18,0.262899399429362,0.188153903592866,0.540975609756098,0.00195121951219512,0.542926829268293,,
"constant_weights",2,"stacking_global",-5.13682180532722e-18,0.0605904269069342,0.047388215105839,0,0,0,,
"constant_weights",2,"stacking_hierarchical",-4.90753701068114e-18,0.0576227532254363,0.0515290586745552,0,0,0,1,0.334621806183922
"constant_weights",3,"stacking_contextual",-7.42883098257683e-18,0.267926915902213,0.164142948360394,0.647804878048781,0.0497560975609756,0.697560975609756,,
"constant_weights",3,"stacking_global",1.78930710547148e-18,0.0498757261942278,0.042209081748503,0.2,0,0.2,,
"constant_weights",3,"stacking_hierarchical",-6.0943801565941e-18,0.0455763183307996,0.0372710816021464,0,0,0,1,0.321797819762292
"constant_weights",4,"stacking_contextual",-4.78068370375313e-18,0.241816810798967,0.16882090002723,0.33609756097561,0,0.33609756097561,,
"constant_weights",4,"stacking_global",-9.56369778107821e-18,0.0438838563446048,0.0388822241000767,0.2,0,0.2,,
"constant_weights",4,"stacking_hierarchical",-5.85478428526572e-18,0.0484490588451309,0.0371976754746045,0,0,0,1,0.331633841326437
"constant_weights",5,"stacking_contextual",-8.19584452071061e-18,0.290796801231399,0.186362693763644,0.625853658536585,0.0517073170731707,0.677560975609756,,
"constant_weights",5,"stacking_global",-1.54792337484418e-17,0.113755336913093,0.0880648470574646,0.4,0,0.4,,
"constant_weights",5,"stacking_hierarchical",-5.41840117457637e-18,0.0830608109798191,0.050035270455235,0,0,0,0.993170731707317,0.34543129791372
"constant_weights",6,"stacking_contextual",-6.52352547404586e-18,0.251482829750912,0.158911980529153,0.623414634146341,0.035609756097561,0.659024390243902,,
"constant_weights",6,"stacking_global",2.44513868576186e-18,0.0955855949651113,0.0758274723446389,0.2,0,0.2,,
"constant_weights",6,"stacking_hierarchical",-5.62774069331456e-18,0.0479502875304809,0.0376615365901272,0,0,0,1,0.339610619543452
"constant_weights",7,"stacking_contextual",-5.59127357493531e-18,0.259220086246653,0.185000181488678,0.453658536585366,0.00731707317073171,0.460975609756098,,
"constant_weights",7,"stacking_global",-1.12709459873669e-17,0.0607503823415135,0.0579721247733228,0.2,0,0.2,,
"constant_weights",7,"stacking_hierarchical",-5.42900075894425e-18,0.0530174772206523,0.0396679723120071,0,0,0,1,0.348052212389185
"constant_weights",8,"stacking_contextual",-5.61320883596158e-18,0.266909321239214,0.171726702033441,0.635609756097561,0.0409756097560976,0.676585365853659,,
"constant_weights",8,"stacking_global",1.23913648095562e-18,0.0842084659643151,0.064615450487552,0.4,0,0.4,,
"constant_weights",8,"stacking_hierarchical",-6.00309066422027e-18,0.0756796181858635,0.0528421499814385,0,0,0,0.997073170731707,0.379946189138263
"constant_weights",9,"stacking_contextual",-5.52507774351399e-18,0.279212018096553,0.198470974638779,0.590731707317073,0.0317073170731707,0.622439024390244,,
"constant_weights",9,"stacking_global",1.38777878078145e-17,0.0375841617734762,0.0318955582883496,0.2,0,0.2,,
"constant_weights",9,"stacking_hierarchical",-5.80359705129613e-18,0.0621032715376072,0.0461645074956134,0,0,0,1,0.333809952120315
"constant_weights",10,"stacking_contextual",-7.26786001490701e-18,0.207992633154184,0.138854917236789,0.590731707317073,0.0121951219512195,0.602926829268293,,
"constant_weights",10,"stacking_global",5.80764462922359e-18,0.0600931647467709,0.0523664352950005,0.2,0,0.2,,
"constant_weights",10,"stacking_hierarchical",-5.65663972725513e-18,0.0843269354263686,0.0542499692080264,0,0,0,0.971219512195122,0.349671070592059
"constant_weights",11,"stacking_contextual",-6.93212755681248e-18,0.215362312554407,0.142151151675623,0.50390243902439,0.0175609756097561,0.521463414634146,,
"constant_weights",11,"stacking_global",-1.38777878078145e-17,0.0535488037978982,0.0430024021128546,0.2,0,0.2,,
"constant_weights",11,"stacking_hierarchical",-5.74621036252625e-18,0.0417528754666597,0.036802776300401,0,0,0,1,0.339634153175647
"constant_weights",12,"stacking_contextual",-3.46428046416217e-18,0.302281490655598,0.211701008347082,0.485853658536585,0.0234146341463415,0.509268292682927,,
"constant_weights",12,"stacking_global",2.53547850958645e-17,0.0896768960794746,0.0811735024010848,0.2,0,0.2,,
"constant_weights",12,"stacking_hierarchical",-5.28172987776772e-18,0.0631263964326366,0.0551498206041069,0,0,0,1,0.365666629967979
"constant_weights",13,"stacking_contextual",-5.85440745890089e-18,0.204807650263146,0.129645911365269,0.600975609756098,0.0214634146341463,0.622439024390244,,
"constant_weights",13,"stacking_global",6.93889390390723e-18,0.0512651848215649,0.0451222646820204,0,0,0,,
"constant_weights",13,"stacking_hierarchical",-5.37809645463839e-18,0.0661001022998574,0.0524888784362702,0,0,0,0.995121951219512,0.322638987928762
"constant_weights",14,"stacking_contextual",-5.10018618420466e-18,0.297225509856147,0.215471757940524,0.626829268292683,0.0419512195121951,0.668780487804878,,
"constant_weights",14,"stacking_global",1.23403362393192e-17,0.0760053246243619,0.0546395619276787,0.2,0,0.2,,
"constant_weights",14,"stacking_hierarchical",-5.24236211055511e-18,0.0682041171901757,0.0589757566536558,0,0,0,0.915121951219512,0.333480361748336
"constant_weights",15,"stacking_contextual",-4.25602240611413e-18,0.311615616981151,0.22909341852511,0.599512195121951,0.0107317073170732,0.610243902439024,,
"constant_weights",15,"stacking_global",-2.22913321915735e-17,0.0921913418410696,0.0886834108289104,0,0,0,,
"constant_weights",15,"stacking_hierarchical",-5.74258588788561e-18,0.106312795374227,0.0883237777914199,0,0,0,1,0.38862621918399
"constant_weights",16,"stacking_contextual",-4.90772707661077e-18,0.295412527428373,0.215306472463819,0.483414634146341,0.0317073170731707,0.515121951219512,,
"constant_weights",16,"stacking_global",1.51388074882591e-17,0.056564148815707,0.0485344262670293,0,0,0,,
"constant_weights",16,"stacking_hierarchical",-5.868759089335e-18,0.0557394898316605,0.046736135394735,0,0,0,1,0.358890489287231
"constant_weights",17,"stacking_contextual",-5.34966837618132e-18,0.279607101317863,0.193812315851046,0.508292682926829,0.0268292682926829,0.535121951219512,,
"constant_weights",17,"stacking_global",-1.5422974233272e-17,0.092763326803228,0.0808947481301759,0.2,0,0.2,,
"constant_weights",17,"stacking_hierarchical",-5.59451316606846e-18,0.0634917492113868,0.0471515397572529,0,0,0,1,0.346312682066046
"constant_weights",18,"stacking_contextual",-4.69676711670163e-18,0.306341225790592,0.219377847900462,0.592682926829268,0.0302439024390244,0.622926829268293,,
"constant_weights",18,"stacking_global",-1.65759591997558e-17,0.0789535104020677,0.0678713273284248,0,0,0,,
"constant_weights",18,"stacking_hierarchical",-5.8014683128843e-18,0.0648523823146345,0.052179852627762,0,0,0,1,0.380048472124465
"constant_weights",19,"stacking_contextual",-6.01007641350769e-18,0.226925857241516,0.155835671902829,0.61609756097561,0.0175609756097561,0.633658536585366,,
"constant_weights",19,"stacking_global",-5.17230215614709e-18,0.100705956831377,0.0777758977298532,0,0,0,,
"constant_weights",19,"stacking_hierarchical",-4.75485787578474e-18,0.0783365463944984,0.0496528764934428,0,0,0,0.959512195121951,0.373351679061223
"constant_weights",20,"stacking_contextual",-4.22861985730345e-18,0.229045137833912,0.169757474050983,0.435609756097561,0.0121951219512195,0.44780487804878,,
"constant_weights",20,"stacking_global",1.19494780506437e-17,0.0842585751584558,0.0768497099985714,0.2,0,0.2,,
"constant_weights",20,"stacking_hierarchical",-5.76160900832053e-18,0.0878303626008224,0.0735338625928402,0,0,0,1,0.333390407743954
"constant_weights",21,"stacking_contextual",-4.32470231659833e-18,0.273396183971177,0.200698214697099,0.521951219512195,0.024390243902439,0.546341463414634,,
"constant_weights",21,"stacking_global",2.31690368216281e-18,0.0562586236088336,0.0542566374387428,0.2,0,0.2,,
"constant_weights",21,"stacking_hierarchical",-5.23388682284092e-18,0.0679121806532906,0.0552290350084675,0,0,0,1,0.385305231102917
"constant_weights",22,"stacking_contextual",-5.32322111526042e-18,0.229546074217605,0.168415911841455,0.547317073170732,0.0204878048780488,0.56780487804878,,
"constant_weights",22,"stacking_global",-1.13787910485849e-17,0.074683303144038,0.0628708791666066,0,0,0,,
"constant_weights",22,"stacking_hierarchical",-5.51493979210236e-18,0.0727533469809863,0.0631814308555035,0,0,0,1,0.329793671024851
"constant_weights",23,"stacking_contextual",-5.18357389214763e-18,0.272711866848166,0.174566214810103,0.588292682926829,0.0463414634146341,0.634634146341463,,
"constant_weights",23,"stacking_global",2.76200172891239e-18,0.0347009362563366,0.033025412485272,0,0,0,,
"constant_weights",23,"stacking_hierarchical",-6.01560320019183e-18,0.0592815942380353,0.0496626946391079,0,0,0,1,0.382651708660973
"constant_weights",24,"stacking_contextual",-6.66968782667685e-18,0.281047376799224,0.199963428114974,0.624878048780488,0.0551219512195122,0.68,,
"constant_weights",24,"stacking_global",-1.78507607260325e-18,0.0851553194548376,0.0745304487950103,0.2,0,0.2,,
"constant_weights",24,"stacking_hierarchical",-5.16697783099669e-18,0.0697500801615718,0.0548182791504192,0,0,0,1,0.302779810064106
"constant_weights",25,"stacking_contextual",-6.51930766315534e-18,0.244222332510027,0.186534203971,0.487317073170732,0.0102439024390244,0.497560975609756,,
"constant_weights",25,"stacking_global",-3.02372869115258e-17,0.0848465169813897,0.0733313558586498,0,0,0,,
"constant_weights",25,"stacking_hierarchical",-5.3880930961632e-18,0.0790278054170574,0.064211508910149,0,0,0,0.999512195121951,0.37105270539544
"constant_weights",26,"stacking_contextual",-6.59381020207501e-18,0.294633027043426,0.198923432708271,0.510243902439024,0.0468292682926829,0.557073170731707,,
"constant_weights",26,"stacking_global",0,0.0872266463644158,0.0626323423107467,0,0,0,,
"constant_weights",26,"stacking_hierarchical",-5.32184437683102e-18,0.0702384883294556,0.0557077953724213,0,0,0,0.997073170731707,0.330487584144219
"constant_weights",27,"stacking_contextual",-5.78483878360228e-18,0.261030033530815,0.194534222072023,0.519024390243902,0.0117073170731707,0.530731707317073,,
"constant_weights",27,"stacking_global",-4.42609835818673e-18,0.0750451720457021,0.0592200598474768,0,0,0,,
"constant_weights",27,"stacking_hierarchical",-5.39125645433109e-18,0.118158607480558,0.0902392948985774,0,0,0,0.952195121951219,0.361468986562056
"constant_weights",28,"stacking_contextual",-6.93550907761264e-18,0.262438834296981,0.178101081266749,0.49609756097561,0.0321951219512195,0.528292682926829,,
"constant_weights",28,"stacking_global",0,0.0362609813587129,0.0328619426523991,0.2,0,0.2,,
"constant_weights",28,"stacking_hierarchical",-5.81335156535407e-18,0.0589033383818733,0.0452490851841645,0,0,0,1,0.317454556762296
"constant_weights",29,"stacking_contextual",-4.84084039685393e-18,0.254950005504969,0.184916659436239,0.507317073170732,0.00585365853658537,0.513170731707317,,
"constant_weights",29,"stacking_global",-6.93889390390723e-18,0.0599833247739466,0.0520236970277374,0,0,0,,
"constant_weights",29,"stacking_hierarchical",-5.88618927134558e-18,0.0710774550258612,0.0560696250022015,0,0,0,1,0.406486905790966
"constant_weights",30,"stacking_contextual",-5.63923960458451e-18,0.311122643105906,0.223774147049524,0.612682926829268,0.02,0.632682926829268,,
"constant_weights",30,"stacking_global",-2.51734911220758e-17,0.0902127012216723,0.0625257535566866,0,0,0,,
"constant_weights",30,"stacking_hierarchical",-5.89905973038571e-18,0.0969843963534664,0.0759114380013305,0,0,0,0.949756097560976,0.395336744614581
"horizon_only",1,"stacking_contextual",-2.5242143762231e-18,0.17431509059899,0.128619000409851,0.285365853658537,0,0.285365853658537,,
"horizon_only",1,"stacking_global",-5.64376152096244e-18,0.15483100400904,0.132780601830312,0.2,0,0.2,,
"horizon_only",1,"stacking_hierarchical",-3.29751992300117e-18,0.0687352213835992,0.0550854438535426,0,0,0,1,0.361530514222272
"horizon_only",2,"stacking_contextual",-2.41488845350119e-18,0.287072052899586,0.211901245559198,0.506341463414634,0.00975609756097561,0.51609756097561,,
"horizon_only",2,"stacking_global",1.07354591954752e-17,0.133337012658248,0.103930904141389,0,0,0,,
"horizon_only",2,"stacking_hierarchical",-3.25557733057396e-18,0.0687449287479466,0.0465590818720632,0,0,0,1,0.384812308136364
"horizon_only",3,"stacking_contextual",-2.79166854140647e-18,0.225549914782581,0.165228269538643,0.371219512195122,0.0151219512195122,0.386341463414634,,
"horizon_only",3,"stacking_global",-3.99156962987166e-18,0.196401766862888,0.16313819502254,0.2,0,0.2,,
"horizon_only",3,"stacking_hierarchical",-2.85574059265761e-18,0.096770156020469,0.0800041875347285,0,0,0,1,0.4071796632916
"horizon_only",4,"stacking_contextual",-2.24628179370198e-18,0.281711579799498,0.201433209514239,0.566829268292683,0.0678048780487805,0.634634146341463,,
"horizon_only",4,"stacking_global",1.96917558478794e-18,0.148245397605144,0.128124696067177,0,0,0,,
"horizon_only",4,"stacking_hierarchical",-2.84872798622795e-18,0.0737126026056244,0.0615679206459972,0,0,0,1,0.398840285567736
"horizon_only",5,"stacking_contextual",-2.54999062177505e-18,0.258910465247401,0.187856687594324,0.480975609756098,0.0302439024390244,0.511219512195122,,
"horizon_only",5,"stacking_global",-2.84726695769064e-18,0.143620142126657,0.115468874528576,0,0,0,,
"horizon_only",5,"stacking_hierarchical",-2.99894287502804e-18,0.0588399812519237,0.0449663665871671,0,0,0,1,0.412760069687566
"horizon_only",6,"stacking_contextual",-3.50790968512142e-18,0.260829184591989,0.199719990138984,0.565365853658537,0.0204878048780488,0.585853658536585,,
"horizon_only",6,"stacking_global",-1.29518989854784e-17,0.157824577171037,0.121973234601847,0.2,0,0.2,,
"horizon_only",6,"stacking_hierarchical",-2.48829026277623e-18,0.0813819742713328,0.0630484398489191,0,0,0,0.99609756097561,0.38586500828217
"horizon_only",7,"stacking_contextual",-2.09816919935829e-18,0.222504112621584,0.177610367861352,0.283414634146341,0,0.283414634146341,,
"horizon_only",7,"stacking_global",-1.8516232780823e-17,0.166570436750659,0.125964496284511,0,0,0,,
"horizon_only",7,"stacking_hierarchical",-3.04521814427716e-18,0.105126217614805,0.082805669039234,0,0,0,0.993658536585366,0.430892239615871
"horizon_only",8,"stacking_contextual",-2.1753392722816e-18,0.229934162325061,0.170703073666942,0.435121951219512,0.00634146341463415,0.441463414634146,,
"horizon_only",8,"stacking_global",-9.01771273888219e-18,0.131376244216995,0.103351494865175,0,0,0,,
"horizon_only",8,"stacking_hierarchical",-3.17747758734268e-18,0.0699819588284623,0.0537996121784867,0,0,0,1,0.407249394650733
"horizon_only",9,"stacking_contextual",-1.49009044432648e-18,0.271801911984091,0.198128650584281,0.474146341463415,0.0024390243902439,0.476585365853659,,
"horizon_only",9,"stacking_global",1.80525842993417e-17,0.170688968587605,0.138413173428835,0,0,0,,
"horizon_only",9,"stacking_hierarchical",-2.83192119980721e-18,0.102038697946115,0.0817483299362066,0,0,0,0.982926829268293,0.447343981051138
"horizon_only",10,"stacking_contextual",-3.31974772028434e-18,0.319734394949005,0.22988549646599,0.431219512195122,0.0380487804878049,0.469268292682927,,
"horizon_only",10,"stacking_global",-2.37319294678249e-18,0.208334355260315,0.168172329134179,0.2,0,0.2,,
"horizon_only",10,"stacking_hierarchical",-3.19924963958155e-18,0.155706412504094,0.113993612866043,0,0,0,0.930731707317073,0.420311336497652
"horizon_only",11,"stacking_contextual",-2.8846388776971e-18,0.29924568354078,0.218635451928153,0.641951219512195,0.0658536585365854,0.70780487804878,,
"horizon_only",11,"stacking_global",-1.77675680422608e-17,0.160943824673286,0.13271380653967,0.2,0,0.2,,
"horizon_only",11,"stacking_hierarchical",-2.62280405304185e-18,0.0844400597297092,0.0701536853540206,0,0,0,0.998536585365854,0.420267547359317
"horizon_only",12,"stacking_contextual",-2.55308456455995e-18,0.283667659495976,0.208686060025824,0.489756097560976,0.0219512195121951,0.511707317073171,,
"horizon_only",12,"stacking_global",-6.3053231758443e-18,0.224904156562026,0.180966184658649,0,0,0,,
"horizon_only",12,"stacking_hierarchical",-3.62986259655947e-18,0.165545026554991,0.130225494777211,0,0,0,0.925853658536585,0.393389364635116
"horizon_only",13,"stacking_contextual",-2.65811995551391e-18,0.244500948412752,0.180171420562274,0.430731707317073,0.0209756097560976,0.451707317073171,,
"horizon_only",13,"stacking_global",1.41449378675104e-17,0.140746424114614,0.105961698778711,0,0,0,,
"horizon_only",13,"stacking_hierarchical",-2.68406147578729e-18,0.0856423018392598,0.0639295275147833,0,0,0,0.987317073170732,0.392291187762475
"horizon_only",14,"stacking_contextual",-2.98140392159144e-18,0.235997598928995,0.174189989498839,0.410731707317073,0.00634146341463415,0.417073170731707,,
"horizon_only",14,"stacking_global",-2.99424907293985e-18,0.150854063662068,0.125557386081916,0.2,0,0.2,,
"horizon_only",14,"stacking_hierarchical",-2.80021654999808e-18,0.0500175237597379,0.039707701452234,0,0,0,1,0.434923480193741
"horizon_only",15,"stacking_contextual",-3.03687011809847e-18,0.369565885538741,0.280631833639119,0.631219512195122,0.0619512195121951,0.693170731707317,,
"horizon_only",15,"stacking_global",3.0645238844857e-18,0.162829051234879,0.138581744286661,0.2,0,0.2,,
"horizon_only",15,"stacking_hierarchical",-3.24008861005651e-18,0.0699847886151658,0.058760920409979,0,0,0,1,0.399898026424887
"horizon_only",16,"stacking_contextual",-2.70922951036443e-18,0.28257375093671,0.214543752624121,0.626341463414634,0.0336585365853659,0.66,,
"horizon_only",16,"stacking_global",9.36790673510058e-18,0.144351613567134,0.115665436416138,0,0,0,,
"horizon_only",16,"stacking_hierarchical",-2.68329046921188e-18,0.0470135425409873,0.0386271920843247,0,0,0,1,0.400978073170325
"horizon_only",17,"stacking_contextual",-5.34518943123096e-18,0.294103715077264,0.227691216536493,0.479024390243902,0.0541463414634146,0.533170731707317,,
"horizon_only",17,"stacking_global",2.86509018364808e-18,0.156110912970539,0.111010010701489,0,0,0,,
"horizon_only",17,"stacking_hierarchical",-2.88986816988269e-18,0.115219127152869,0.0829035466644013,0,0,0,0.941463414634146,0.459511127427865
"horizon_only",18,"stacking_contextual",-2.80089087086145e-18,0.362288429784585,0.266873300428732,0.646829268292683,0.0717073170731707,0.718536585365854,,
"horizon_only",18,"stacking_global",9.24702976209895e-18,0.164022671001144,0.133599737870304,0,0,0,,
"horizon_only",18,"stacking_hierarchical",-2.99894370140165e-18,0.147500407151281,0.109133320978861,0,0,0,1,0.473848323880288
"horizon_only",19,"stacking_contextual",-3.42610530900962e-18,0.278012347438614,0.202015187437476,0.52390243902439,0.0287804878048781,0.552682926829268,,
"horizon_only",19,"stacking_global",-1.62505973172433e-17,0.131999263630886,0.103269381992463,0,0,0,,
"horizon_only",19,"stacking_hierarchical",-2.87440919881509e-18,0.0508592941830003,0.0368170282156373,0,0,0,1,0.387650638655191
"horizon_only",20,"stacking_contextual",-2.16087484185012e-18,0.244303502453355,0.176145165018838,0.529268292682927,0.0229268292682927,0.55219512195122,,
"horizon_only",20,"stacking_global",-2.8915275280857e-18,0.163566296164852,0.136263846907718,0.2,0,0.2,,
"horizon_only",20,"stacking_hierarchical",-2.88678620951509e-18,0.0969507199636412,0.0738167501869003,0,0,0,0.996585365853659,0.37548434041999
"horizon_only",21,"stacking_contextual",-3.69648814225648e-18,0.191558129310013,0.149203039289139,0.245853658536585,0,0.245853658536585,,
"horizon_only",21,"stacking_global",1.43219867600795e-17,0.132588874665129,0.104088915477702,0,0,0,,
"horizon_only",21,"stacking_hierarchical",-2.95213781636822e-18,0.0551096125389275,0.04248794745617,0,0,0,1,0.397633648920787
"horizon_only",22,"stacking_contextual",-2.17190155807616e-18,0.31558307544074,0.23585759199202,0.495609756097561,0.0351219512195122,0.530731707317073,,
"horizon_only",22,"stacking_global",-1.96206017748156e-17,0.216463648627963,0.175055956901555,0,0,0,,
"horizon_only",22,"stacking_hierarchical",-3.32024684994301e-18,0.116189563210353,0.0841803752512217,0,0,0,1,0.43906433935174
"horizon_only",23,"stacking_contextual",-3.21034907668501e-18,0.241497561761165,0.184799164636062,0.490731707317073,0.0214634146341463,0.51219512195122,,
"horizon_only",23,"stacking_global",-8.44922058512382e-18,0.133831641722381,0.104796218191564,0,0,0,,
"horizon_only",23,"stacking_hierarchical",-3.02953853145648e-18,0.0637062015013163,0.0454502379575886,0,0,0,1,0.395300125975861
"horizon_only",24,"stacking_contextual",-2.59464124051266e-18,0.243536706214882,0.168496362625141,0.508292682926829,0.0439024390243902,0.55219512195122,,
"horizon_only",24,"stacking_global",-8.92674553221512e-18,0.144708429632714,0.118403165741882,0.2,0,0.2,,
"horizon_only",24,"stacking_hierarchical",-2.65198082598694e-18,0.0387157651474492,0.0297423329131171,0,0,0,1,0.397300515052721
"horizon_only",25,"stacking_contextual",-2.13117290847775e-18,0.325020566357204,0.238944366033513,0.661951219512195,0.0736585365853658,0.735609756097561,,
"horizon_only",25,"stacking_global",3.24735904505157e-18,0.145942685556321,0.116051525594189,0,0,0,,
"horizon_only",25,"stacking_hierarchical",-2.95186912228109e-18,0.102224471469851,0.0764100146898531,0,0,0,1,0.435240035291425
"horizon_only",26,"stacking_contextual",-2.28560395542115e-18,0.310066596964265,0.226346552715506,0.574146341463415,0.0639024390243902,0.638048780487805,,
"horizon_only",26,"stacking_global",1.75315458235962e-17,0.234102404448994,0.189816716018332,0.2,0,0.2,,
"horizon_only",26,"stacking_hierarchical",-3.75851905069813e-18,0.115396021375186,0.082167156709315,0,0,0,0.990243902439024,0.420824026955046
"horizon_only",27,"stacking_contextual",-3.09665329032887e-18,0.271851616961254,0.192218973681175,0.530243902439024,0.0575609756097561,0.58780487804878,,
"horizon_only",27,"stacking_global",2.17920008977387e-18,0.139709715679869,0.105165182705968,0,0,0,,
"horizon_only",27,"stacking_hierarchical",-3.09237350141782e-18,0.0615114707909184,0.0463168736519468,0,0,0,1,0.376821714448616
"horizon_only",28,"stacking_contextual",-1.59338714521115e-18,0.264390705077853,0.199851685982333,0.627317073170732,0.0341463414634146,0.661463414634146,,
"horizon_only",28,"stacking_global",-6.18208773256806e-18,0.135041161105701,0.103600505174826,0,0,0,,
"horizon_only",28,"stacking_hierarchical",-2.59821819867089e-18,0.0595989372007086,0.0453830963226904,0.0141463414634146,0,0.0141463414634146,0.926341463414634,0.394781412082442
"horizon_only",29,"stacking_contextual",-2.50982225348224e-18,0.267442622401595,0.199610338486086,0.600975609756098,0.00731707317073171,0.608292682926829,,
"horizon_only",29,"stacking_global",-3.89606067386009e-18,0.145111183657244,0.112569095045855,0.2,0,0.2,,
"horizon_only",29,"stacking_hierarchical",-2.91880198898729e-18,0.0661273184324919,0.051263427221669,0,0,0,1,0.408324099937363
"horizon_only",30,"stacking_contextual",-1.88223447033455e-18,0.278150423416022,0.21237688101402,0.450731707317073,0,0.450731707317073,,
"horizon_only",30,"stacking_global",8.06751531052036e-18,0.135901318316675,0.107352726085328,0,0,0,,
"horizon_only",30,"stacking_hierarchical",-2.73233161092389e-18,0.0818703506130165,0.0612371354730962,0,0,0,1,0.432734336388289
"age_horizon",1,"stacking_contextual",-9.37170474819871e-19,0.24920127177698,0.180613824795664,0.554146341463415,0.0463414634146341,0.600487804878049,,
"age_horizon",1,"stacking_global",-4.16443376649454e-18,0.153838330336011,0.113305379899027,0,0,0,,
"age_horizon",1,"stacking_hierarchical",-4.10423410196616e-19,0.0935811522457764,0.0698726621376574,0,0,0,0.998048780487805,0.441239064186478
"age_horizon",2,"stacking_contextual",-1.70248829431193e-18,0.332633618520811,0.245690136258866,0.614146341463415,0.0541463414634146,0.668292682926829,,
"age_horizon",2,"stacking_global",8.13104360793804e-18,0.189948449408442,0.139053325803907,0.2,0,0.2,,
"age_horizon",2,"stacking_hierarchical",-3.84987940460878e-19,0.106289316669796,0.076017926070437,0,0,0,0.998536585365854,0.481634733473976
"age_horizon",3,"stacking_contextual",-9.15056717094481e-19,0.298652632416067,0.221194383021955,0.629756097560976,0.0765853658536585,0.706341463414634,,
"age_horizon",3,"stacking_global",2.61467253674821e-18,0.160478539748462,0.121390961143527,0,0,0,,
"age_horizon",3,"stacking_hierarchical",-7.262650555688e-19,0.120819420977292,0.0873816811663457,0,0,0,1,0.452620256662085
"age_horizon",4,"stacking_contextual",-1.79760720198097e-18,0.373406033829339,0.27557021466468,0.682926829268293,0.0921951219512195,0.775121951219512,,
"age_horizon",4,"stacking_global",-1.49791785513272e-17,0.149644629360738,0.106287836384836,0,0,0,,
"age_horizon",4,"stacking_hierarchical",-5.57511301267531e-19,0.117339713283818,0.0793937059018721,0,0,0,1,0.470761493572305
"age_horizon",5,"stacking_contextual",-1.01396702687278e-18,0.383828236282563,0.288850793740511,0.662926829268293,0.0726829268292683,0.735609756097561,,
"age_horizon",5,"stacking_global",2.24933210396042e-17,0.169896620341003,0.127053447097996,0,0,0,,
"age_horizon",5,"stacking_hierarchical",-5.82745445733245e-19,0.150724448430672,0.108105584880376,0,0,0,0.965853658536585,0.531773899832164
"age_horizon",6,"stacking_contextual",-8.93731319790242e-19,0.281370327771627,0.209220455669482,0.509268292682927,0.0268292682926829,0.53609756097561,,
"age_horizon",6,"stacking_global",1.90603535241614e-17,0.169610595151701,0.136225843684444,0.2,0,0.2,,
"age_horizon",6,"stacking_hierarchical",-3.14359131121087e-19,0.113257295029391,0.0884362768716033,0,0,0,0.982439024390244,0.429304497823734
"age_horizon",7,"stacking_contextual",-6.20074394312144e-19,0.301518424828617,0.225993411689671,0.684390243902439,0.0902439024390244,0.774634146341463,,
"age_horizon",7,"stacking_global",4.96536828845163e-18,0.165896799382511,0.123711191134823,0,0,0,,
"age_horizon",7,"stacking_hierarchical",-2.12289181856122e-19,0.0837759978312743,0.0624362497652946,0,0,0,1,0.485877401209853
"age_horizon",8,"stacking_contextual",-1.38552773907577e-18,0.324032653913418,0.242111662387616,0.615121951219512,0.0712195121951219,0.686341463414634,,
"age_horizon",8,"stacking_global",1.35618023734346e-17,0.160940449660535,0.114376703842384,0,0,0,,
"age_horizon",8,"stacking_hierarchical",-5.44963644417668e-19,0.120825700737262,0.0807390155820744,0,0,0,0.979512195121951,0.394876798468017
"age_horizon",9,"stacking_contextual",5.48583160816667e-19,0.331622897489053,0.245690421463398,0.552682926829268,0.0595121951219512,0.61219512195122,,
"age_horizon",9,"stacking_global",8.58965782140498e-19,0.165265022497959,0.122678851612029,0.2,0,0.2,,
"age_horizon",9,"stacking_hierarchical",-6.32988961043549e-19,0.106195641381665,0.0756392741842107,0,0,0,0.980487804878049,0.447155858929753
"age_horizon",10,"stacking_contextual",-7.7721098844512e-19,0.305659070460448,0.213957853835905,0.511707317073171,0.0351219512195122,0.546829268292683,,
"age_horizon",10,"stacking_global",7.08816342130083e-18,0.177130805015378,0.128902033600759,0,0,0,,
"age_horizon",10,"stacking_hierarchical",-1.10919749497877e-18,0.152128723947849,0.108644448214895,0,0,0,0.955121951219512,0.45831017203313
"age_horizon",11,"stacking_contextual",-3.93423252351821e-19,0.291811286189283,0.219643952784945,0.619512195121951,0.0604878048780488,0.68,,
"age_horizon",11,"stacking_global",-1.59031716726086e-18,0.182050829454865,0.144080415390078,0,0,0,,
"age_horizon",11,"stacking_hierarchical",-1.31248044407816e-18,0.124878255535821,0.0909538775314849,0,0,0,1,0.495490242267361
"age_horizon",12,"stacking_contextual",-1.1270413802764e-18,0.298291462393006,0.221279661561324,0.564878048780488,0.0263414634146341,0.591219512195122,,
"age_horizon",12,"stacking_global",-1.93818062463257e-17,0.146180178003359,0.109545772193435,0,0,0,,
"age_horizon",12,"stacking_hierarchical",-5.76365841486608e-19,0.103620956378255,0.0747692737142263,0,0,0,0.99609756097561,0.451938652778253
"age_horizon",13,"stacking_contextual",-1.52535676438211e-18,0.3134852918835,0.219355164947055,0.615609756097561,0.0829268292682927,0.698536585365854,,
"age_horizon",13,"stacking_global",1.09196710944705e-17,0.170776176141916,0.127735163641736,0,0,0,,
"age_horizon",13,"stacking_hierarchical",-1.07781265175558e-18,0.140310204335629,0.101426514593724,0,0,0,0.998048780487805,0.470010366546859
"age_horizon",14,"stacking_contextual",-1.4489800101216e-18,0.33264761381936,0.254173044575884,0.512682926829268,0.0278048780487805,0.540487804878049,,
"age_horizon",14,"stacking_global",-7.9592702844765e-18,0.14598561532162,0.106221179026935,0,0,0,,
"age_horizon",14,"stacking_hierarchical",-7.68249793049973e-19,0.114377392408018,0.077444244803591,0,0,0,0.953170731707317,0.46390076668658
"age_horizon",15,"stacking_contextual",-6.65244388861797e-19,0.300226222802879,0.226516673507236,0.714634146341463,0.11609756097561,0.830731707317073,,
"age_horizon",15,"stacking_global",1.88803957964954e-17,0.164309860955605,0.108588308268057,0,0,0,,
"age_horizon",15,"stacking_hierarchical",-9.13056892965354e-19,0.119500003660741,0.0791300987511524,0,0,0,1,0.429672040534587
"age_horizon",16,"stacking_contextual",-8.13875532643928e-19,0.304173445880258,0.227553425998792,0.549756097560976,0.0146341463414634,0.564390243902439,,
"age_horizon",16,"stacking_global",-1.81538415101641e-18,0.165878518664734,0.123644455184649,0,0,0,,
"age_horizon",16,"stacking_hierarchical",-1.34737572238422e-18,0.131708135778233,0.0916036814513219,0,0,0,0.95609756097561,0.435575090538059
"age_horizon",17,"stacking_contextual",-2.90222410805571e-21,0.263182352841148,0.190235284157001,0.538536585365854,0.0492682926829268,0.58780487804878,,
"age_horizon",17,"stacking_global",1.38279012859024e-17,0.159635221175048,0.124374956495533,0.2,0,0.2,,
"age_horizon",17,"stacking_hierarchical",-1.07393530679118e-18,0.125234822590865,0.0892032153230009,0,0,0,0.978536585365854,0.442053792616805
"age_horizon",18,"stacking_contextual",-1.20375198947417e-18,0.255506307894268,0.195860569496522,0.536585365853659,0.0268292682926829,0.563414634146341,,
"age_horizon",18,"stacking_global",4.07447143013367e-18,0.1633506499332,0.124537735582803,0,0,0,,
"age_horizon",18,"stacking_hierarchical",-6.59723799979716e-19,0.11790928233248,0.0918773060290475,0,0,0,0.945365853658537,0.428765358091357
"age_horizon",19,"stacking_contextual",-9.60130439118909e-19,0.346086672963248,0.254579557962112,0.639024390243902,0.0653658536585366,0.704390243902439,,
"age_horizon",19,"stacking_global",8.47428945486812e-18,0.164177639432705,0.117650251456318,0,0,0,,
"age_horizon",19,"stacking_hierarchical",-7.42641301340252e-19,0.146643729308539,0.102855854931944,0,0,0,0.970731707317073,0.463987708901974
"age_horizon",20,"stacking_contextual",-1.99351394026358e-18,0.297203741496326,0.214160553167838,0.590731707317073,0.0663414634146341,0.657073170731707,,
"age_horizon",20,"stacking_global",-8.77707935549012e-18,0.182350769167437,0.144714443613026,0.4,0,0.4,,
"age_horizon",20,"stacking_hierarchical",-8.06348921830667e-19,0.0957849770314884,0.0744820019116404,0,0,0,0.976585365853659,0.447615666567881
"age_horizon",21,"stacking_contextual",-1.52033365241149e-18,0.243644488790478,0.1776316258301,0.53219512195122,0.0639024390243902,0.59609756097561,,
"age_horizon",21,"stacking_global",1.24276938460705e-17,0.160807363996691,0.113696045986936,0.2,0,0.2,,
"age_horizon",21,"stacking_hierarchical",-8.61768841415704e-19,0.0996932690855206,0.0730349705362991,0,0,0,0.999024390243902,0.46173178832962
"age_horizon",22,"stacking_contextual",-8.3002287292622e-19,0.371475887132713,0.285833919592351,0.571219512195122,0.0463414634146341,0.617560975609756,,
"age_horizon",22,"stacking_global",1.1304372179993e-17,0.164886992529603,0.130163181810887,0,0,0,,
"age_horizon",22,"stacking_hierarchical",-5.65314540645761e-19,0.120660955328475,0.0936620521005263,0,0,0,1,0.521986029040001
"age_horizon",23,"stacking_contextual",-7.57566435057676e-19,0.297018730668156,0.215418325698098,0.560975609756098,0.0814634146341463,0.642439024390244,,
"age_horizon",23,"stacking_global",-8.82004417206929e-18,0.188583156989774,0.128230140414176,0,0,0,,
"age_horizon",23,"stacking_hierarchical",-1.11609358272983e-18,0.136729634036862,0.0829842851056258,0,0,0,0.979512195121951,0.411941136647584
"age_horizon",24,"stacking_contextual",-2.01397164528039e-19,0.300615227670022,0.231043115864973,0.62390243902439,0.0853658536585366,0.709268292682927,,
"age_horizon",24,"stacking_global",8.18014672767057e-18,0.193415839084,0.153186916543577,0.4,0,0.4,,
"age_horizon",24,"stacking_hierarchical",-6.30675114943733e-19,0.126758584098688,0.0910796167391173,0,0,0,0.995609756097561,0.448088943838494
"age_horizon",25,"stacking_contextual",-3.95376799558952e-19,0.235485092671194,0.171754015206409,0.501463414634146,0.0336585365853659,0.535121951219512,,
"age_horizon",25,"stacking_global",2.28305608031581e-17,0.172897721893337,0.124984474053615,0.2,0,0.2,,
"age_horizon",25,"stacking_hierarchical",-1.32543715586353e-19,0.0966528217996558,0.0623148280519794,0,0,0,1,0.430159562302612
"age_horizon",26,"stacking_contextual",5.88906887347614e-19,0.314182109533885,0.233338480725137,0.622926829268293,0.0731707317073171,0.69609756097561,,
"age_horizon",26,"stacking_global",8.5471359410792e-18,0.170148455501896,0.124599068343832,0,0,0,,
"age_horizon",26,"stacking_hierarchical",-4.30302653688469e-19,0.118258099541933,0.084735842835542,0,0,0,0.988780487804878,0.503861721271037
"age_horizon",27,"stacking_contextual",1.01445624004817e-20,0.272193349740619,0.184930962719932,0.543414634146342,0.0546341463414634,0.598048780487805,,
"age_horizon",27,"stacking_global",1.45965345163061e-18,0.160570139467162,0.124578062481442,0.2,0,0.2,,
"age_horizon",27,"stacking_hierarchical",-9.61198113819253e-19,0.112304984698759,0.0790438892352276,0,0,0,0.989268292682927,0.450537933288009
"age_horizon",28,"stacking_contextual",-7.91588236461051e-19,0.358174953178008,0.267947997688016,0.698048780487805,0.104390243902439,0.802439024390244,,
"age_horizon",28,"stacking_global",-5.35114593219077e-18,0.194896390324653,0.140538397336088,0.2,0,0.2,,
"age_horizon",28,"stacking_hierarchical",-1.69254536707158e-19,0.139586907388008,0.0982739872459339,0.00439024390243902,0,0.00439024390243902,0.991707317073171,0.504373940636978
"age_horizon",29,"stacking_contextual",-1.57503504014518e-19,0.406579133130464,0.30268412262908,0.733658536585366,0.140975609756098,0.874634146341463,,
"age_horizon",29,"stacking_global",2.96410916155572e-18,0.188513080418602,0.151194258734846,0,0,0,,
"age_horizon",29,"stacking_hierarchical",-9.98405585477911e-19,0.135111371518668,0.0929842698673188,0,0,0,0.958536585365854,0.528319374239831
"age_horizon",30,"stacking_contextual",-1.40835217810324e-18,0.304280953023833,0.22368188387862,0.463414634146341,0.04,0.503414634146341,,
"age_horizon",30,"stacking_global",-3.71627152640991e-18,0.147643567653368,0.105457342360162,0,0,0,,
"age_horizon",30,"stacking_hierarchical",-6.58352019791968e-19,0.100635442318054,0.0752416271944533,0,0,0,0.989268292682927,0.449309053157401
"low_information",1,"stacking_contextual",1.05381674550271e-17,0.398382340432466,0.317990416804128,0.793658536585366,0.193658536585366,0.987317073170732,,
"low_information",1,"stacking_global",-9.73323989580063e-18,0.38031496908548,0.303999444923241,0.8,0.2,1,,
"low_information",1,"stacking_hierarchical",5.93092965491625e-18,0.046079649734453,0.0354932693319002,0,0,0,1,0.794479466766707
"low_information",2,"stacking_contextual",1.06231583277678e-17,0.396369098181832,0.316498749328102,0.793170731707317,0.192682926829268,0.985853658536585,,
"low_information",2,"stacking_global",1.19401466398726e-17,0.41065800856235,0.327999999996403,0.8,0.2,1,,
"low_information",2,"stacking_hierarchical",5.4569944747741e-18,0.050585751497075,0.0417710193114809,0,0,0,1,0.797356058938004
"low_information",3,"stacking_contextual",1.16356048272036e-17,0.395676575022677,0.315919742928012,0.799512195121951,0.199512195121951,0.999024390243902,,
"low_information",3,"stacking_global",-8.95804856445121e-18,0.221722089705286,0.184059229403573,0.2,0,0.2,,
"low_information",3,"stacking_hierarchical",5.8855848823487e-18,0.0404147489329145,0.0345778580814106,0,0,0,1,0.80434036936083
"low_information",4,"stacking_contextual",1.11662378403613e-17,0.395503141687091,0.315779068892239,0.794146341463415,0.194146341463415,0.988292682926829,,
"low_information",4,"stacking_global",5.70296953716232e-18,0.247244463687317,0.23998986692241,0.6,0,0.6,,
"low_information",4,"stacking_hierarchical",5.0087297643622e-18,0.0477588594152104,0.0413621789512721,0,0,0,1,0.798132226523309
"low_information",5,"stacking_contextual",1.29384456231552e-17,0.40053134031339,0.319785354458421,0.8,0.2,1,,
"low_information",5,"stacking_global",2.28621811628593e-17,0.179625558989464,0.163167130341183,0.4,0,0.4,,
"low_information",5,"stacking_hierarchical",5.64642574947166e-18,0.0392628235036042,0.0351858323927697,0,0,0,1,0.804310794745052
"low_information",6,"stacking_contextual",1.5682746429404e-17,0.406717754350933,0.32477933108249,0.8,0.2,1,,
"low_information",6,"stacking_global",-1.26563415066655e-17,0.410657955488315,0.327999956405838,0.8,0.2,1,,
"low_information",6,"stacking_hierarchical",5.5328092949818e-18,0.0711050356501098,0.0614364783479209,0,0,0,1,0.78873848657327
"low_information",7,"stacking_contextual",1.1479466492388e-17,0.396980247530186,0.316902898928364,0.793658536585366,0.193658536585366,0.987317073170732,,
"low_information",7,"stacking_global",-3.63362424921889e-18,0.20079009215034,0.18892640892151,0.2,0,0.2,,
"low_information",7,"stacking_hierarchical",5.20755525422501e-18,0.0500032309164126,0.0471156308768708,0,0,0,1,0.799025350779728
"low_information",8,"stacking_contextual",1.53080355810108e-17,0.406066574845765,0.324250050637923,0.8,0.2,1,,
"low_information",8,"stacking_global",-6.23861829828101e-18,0.295434234709497,0.255806631709071,0.6,0,0.6,,
"low_information",8,"stacking_hierarchical",5.36001787923636e-18,0.0623898322565212,0.0559801627983465,0,0,0,1,0.790144945029181
"low_information",9,"stacking_contextual",1.06082968248181e-17,0.393297417858261,0.314042438456141,0.8,0.2,1,,
"low_information",9,"stacking_global",0,0.31573114034911,0.247783881347588,0.6,0,0.6,,
"low_information",9,"stacking_hierarchical",5.49735456174376e-18,0.0364856797531126,0.0294103156265406,0,0,0,1,0.795353943806333
"low_information",10,"stacking_contextual",9.85488209076242e-18,0.392193070933605,0.313101863920931,0.795121951219512,0.195609756097561,0.990731707317073,,
"low_information",10,"stacking_global",-9.7738578113357e-18,0.326265418046273,0.260118719159698,0.6,0,0.6,,
"low_information",10,"stacking_hierarchical",5.5622678613269e-18,0.0391217843027264,0.0329937559732963,0,0,0,1,0.801160805045133
"low_information",11,"stacking_contextual",7.49240555691651e-18,0.386347495377118,0.308624387112173,0.8,0.2,1,,
"low_information",11,"stacking_global",2.11962450259356e-17,0.201572003634863,0.153567318852895,0.4,0,0.4,,
"low_information",11,"stacking_hierarchical",5.40686995726321e-18,0.0435776868185105,0.0370658467318492,0,0,0,1,0.792244502864161
"low_information",12,"stacking_contextual",9.75703945568446e-18,0.389579239490798,0.311181187846137,0.79219512195122,0.19219512195122,0.984390243902439,,
"low_information",12,"stacking_global",9.72647024321145e-18,0.390691694306393,0.312,0.8,0.2,1,,
"low_information",12,"stacking_hierarchical",5.79866360086188e-18,0.0422123630591394,0.0370511791773514,0,0,0,1,0.800641970040419
"low_information",13,"stacking_contextual",1.17779790832197e-17,0.396712813247522,0.316741048736907,0.8,0.2,1,,
"low_information",13,"stacking_global",-9.82801503204912e-18,0.285273821906423,0.222516978779875,0.6,0,0.6,,
"low_information",13,"stacking_hierarchical",5.62454337635625e-18,0.0386957828710119,0.0303618246756643,0,0,0,1,0.793530980768151
"low_information",14,"stacking_contextual",1.07954406973713e-17,0.392560050059929,0.313463392035069,0.8,0.2,1,,
"low_information",14,"stacking_global",1.73318311557321e-17,0.26485707729452,0.255950529138979,0.6,0,0.6,,
"low_information",14,"stacking_hierarchical",5.82855188148265e-18,0.0466137531829976,0.0424345201158861,0,0,0,1,0.803121086389051
"low_information",15,"stacking_contextual",1.03857709399043e-17,0.392879402880184,0.313685235492009,0.79609756097561,0.19609756097561,0.99219512195122,,
"low_information",15,"stacking_global",5.98334157457153e-18,0.25833331933209,0.231705624536513,0.6,0,0.6,,
"low_information",15,"stacking_hierarchical",5.38335466990022e-18,0.0381469015253592,0.0336887791553408,0,0,0,1,0.806033617612742
"low_information",16,"stacking_contextual",1.20319468311356e-17,0.397859154968496,0.317642641577874,0.796585365853659,0.196585365853659,0.993170731707317,,
"low_information",16,"stacking_global",1.0371953973194e-17,0.195349083739152,0.172900793290147,0.2,0,0.2,,
"low_information",16,"stacking_hierarchical",5.56169931628523e-18,0.0409821629066094,0.0364990313794842,0,0,0,1,0.801292242152781
"low_information",17,"stacking_contextual",1.07829855943654e-17,0.394876838581332,0.315272468160216,0.793658536585366,0.193658536585366,0.987317073170732,,
"low_information",17,"stacking_global",9.94986877865432e-18,0.238836255583063,0.215923757712508,0.6,0,0.6,,
"low_information",17,"stacking_hierarchical",5.7168856687055e-18,0.0352882964472371,0.0278657981504853,0,0,0,1,0.796646436808468
"low_information",18,"stacking_contextual",1.01085325112132e-17,0.394895824521215,0.315193067088838,0.794146341463415,0.194146341463415,0.988292682926829,,
"low_information",18,"stacking_global",2.29209726867612e-17,0.210993409445144,0.203789934094689,0.4,0,0.4,,
"low_information",18,"stacking_hierarchical",5.60247589555285e-18,0.0358651389189453,0.0294007195720995,0,0,0,1,0.806895182006732
"low_information",19,"stacking_contextual",1.51286530093753e-17,0.405277348161211,0.323609728931827,0.8,0.2,1,,
"low_information",19,"stacking_global",7.06705453388164e-18,0.410657959953602,0.327999961608895,0.8,0.2,1,,
"low_information",19,"stacking_hierarchical",5.3599649913255e-18,0.0569930059491842,0.0471542196864603,0,0,0,1,0.795218377183537
"low_information",20,"stacking_contextual",1.11416185178593e-17,0.392883825502283,0.313685961087541,0.795121951219512,0.195121951219512,0.990243902439024,,
"low_information",20,"stacking_global",1.19401466398726e-17,0.410656523366653,0.327998826635109,0.8,0.2,1,,
"low_information",20,"stacking_hierarchical",5.71251580507128e-18,0.0525412680400929,0.0438486799530543,0,0,0,1,0.800777124608513
"low_information",21,"stacking_contextual",8.38759955799127e-18,0.393855551725353,0.314413615143022,0.795609756097561,0.195609756097561,0.991219512195122,,
"low_information",21,"stacking_global",6.75565051477947e-18,0.380315651716035,0.303999994626057,0.8,0.2,1,,
"low_information",21,"stacking_hierarchical",5.84845756892993e-18,0.0547714114731211,0.0446553023229797,0,0,0,1,0.788428532344305
"low_information",22,"stacking_contextual",1.03984375945536e-17,0.392906190530986,0.313732603614855,0.799512195121951,0.199512195121951,0.999024390243902,,
"low_information",22,"stacking_global",1.79601395366652e-17,0.309543376707034,0.24180904197594,0.6,0,0.6,,
"low_information",22,"stacking_hierarchical",5.63332276955784e-18,0.0666874009833099,0.0555703310745996,0,0,0,1,0.782082845156115
"low_information",23,"stacking_contextual",1.1514597287172e-17,0.398723944821572,0.318340819874662,0.8,0.2,1,,
"low_information",23,"stacking_global",1.19401466398726e-17,0.410654090495785,0.327996784381201,0.8,0.2,1,,
"low_information",23,"stacking_hierarchical",5.81943532784937e-18,0.067128903209817,0.0562949415143308,0,0,0,1,0.796885340882697
"low_information",24,"stacking_contextual",9.6076575514803e-18,0.390341938905006,0.31172682926811,0.8,0.2,1,,
"low_information",24,"stacking_global",-7.10767244941671e-18,0.277340608427057,0.231889397050645,0.6,0,0.6,,
"low_information",24,"stacking_hierarchical",5.12324531333655e-18,0.0430451967846691,0.0358829250674434,0,0,0,1,0.795542707404232
"low_information",25,"stacking_contextual",9.35823816389778e-18,0.393979423762797,0.314578270742665,0.798536585365854,0.198536585365854,0.997073170731707,,
"low_information",25,"stacking_global",-1.7653349987785e-17,0.334044441330606,0.264761854362986,0.6,0,0.6,,
"low_information",25,"stacking_hierarchical",5.7751152585546e-18,0.0383173389454618,0.0308554529122223,0,0,0,1,0.804284933498445
"low_information",26,"stacking_contextual",1.55366567976504e-17,0.402088071001688,0.320975562561367,0.797073170731707,0.197073170731707,0.994146341463415,,
"low_information",26,"stacking_global",9.72647024321145e-18,0.390691694306393,0.312,0.8,0.2,1,,
"low_information",26,"stacking_hierarchical",5.89201076351734e-18,0.0526646497593129,0.0505929930309974,0,0,0,1,0.801915226005063
"low_information",27,"stacking_contextual",1.01829458017833e-17,0.390331413665569,0.311718688463639,0.8,0.2,1,,
"low_information",27,"stacking_global",5.09031597784173e-18,0.341047386213074,0.272576475063653,0.6,0,0.6,,
"low_information",27,"stacking_hierarchical",5.81439114335177e-18,0.035834830434136,0.0288724262586842,0,0,0,1,0.80245759836013
"low_information",28,"stacking_contextual",1.20946322274741e-17,0.398276511882136,0.317984293258008,0.8,0.2,1,,
"low_information",28,"stacking_global",5.55488338677406e-18,0.241424771175537,0.217648244530132,0.4,0,0.4,,
"low_information",28,"stacking_hierarchical",5.48954698390409e-18,0.042172160403104,0.0347652235300797,0,0,0,1,0.799163806255221
"low_information",29,"stacking_contextual",1.21909675570927e-17,0.401669406231182,0.320856794548845,0.795121951219512,0.195121951219512,0.990243902439024,,
"low_information",29,"stacking_global",1.72087080992665e-17,0.269491423554224,0.239750775030031,0.6,0,0.6,,
"low_information",29,"stacking_hierarchical",5.68297129587105e-18,0.0458521408298295,0.0411123565211406,0,0,0,1,0.801530716714439
"low_information",30,"stacking_contextual",1.04741334169619e-17,0.392532866069345,0.313440432173703,0.79609756097561,0.19609756097561,0.99219512195122,,
"low_information",30,"stacking_global",2.09034178855205e-17,0.295594569898127,0.231920267766304,0.6,0,0.6,,
"low_information",30,"stacking_hierarchical",5.83257797369633e-18,0.0386328074439182,0.0335938521503311,0,0,0,1,0.801850362327567
