"scenario","repetition","seed","configuration","elapsed_seconds","max_rhat","min_ess_bulk","min_ess_tail","parameter_max_rhat","parameter_min_ess_bulk","parameter_min_ess_tail","weight_max_rhat","weight_min_ess_bulk","weight_min_ess_tail","divergences","max_treedepth_hits","min_ebfmi","chain_stuck","rhat_target_1_01","valid","status","chains","iter_warmup","iter_sampling","kept_draws","adapt_delta","max_treedepth","metric","cached"
"constant_weights",1,407598,"legere",322.457925081253,1.00609509036474,765.699373020343,670.21525382497,1.00609509036474,765.699373020343,670.21525382497,1.00418510113598,971.364623118159,966.139138642852,0,0,0.840236811762032,FALSE,TRUE,TRUE,"valide",4,500,500,2000,0.98,12,"dense_e",FALSE
"constant_weights",2,407685,"legere",335.139949083328,1.00698462079052,944.200442089134,780.634837747377,1.00698462079052,944.200442089134,798.119822723315,1.00448610119968,1060.31382703215,780.634837747377,0,0,0.822421887086214,FALSE,TRUE,TRUE,"valide",4,500,500,2000,0.98,12,"dense_e",FALSE
"constant_weights",3,407772,"legere",277.680627822876,1.00764518968605,883.203865648955,582.558857414487,1.00691021320946,883.203865648955,582.558857414487,1.00764518968605,967.709231415987,808.537790838643,0,0,0.801957901432791,FALSE,TRUE,TRUE,"valide",4,500,500,2000,0.98,12,"dense_e",FALSE
"constant_weights",4,407859,"legere",481.108015060425,1.00717166719653,635.941055398517,585.850168639632,1.00717166719653,635.941055398517,585.850168639632,1.00362612767528,1039.22426047935,890.503235244377,0,0,0.724899974557994,FALSE,TRUE,TRUE,"valide",4,500,500,2000,0.98,12,"dense_e",FALSE
"constant_weights",5,407946,"legere",282.591612100601,1.00518449678012,853.145241171591,617.265470917309,1.00426999332003,853.145241171591,623.371540315203,1.00518449678012,932.549275931829,617.265470917309,0,0,0.861528957327933,FALSE,TRUE,TRUE,"valide",4,500,500,2000,0.98,12,"dense_e",FALSE
"constant_weights",6,429848,"complete",483.678261041641,1.00267633746215,1419.64050684798,1249.37900344707,1.00250065790445,1419.64050684798,1475.64251756708,1.00267633746215,2125.93089634358,1249.37900344707,0,0,0.780528396061583,FALSE,TRUE,TRUE,"valide",4,1000,1000,4000,0.99,12,"dense_e",FALSE
"constant_weights",7,408120,"legere",293.123496055603,1.00617741472698,790.639414987538,573.971767398011,1.00617741472698,798.311806822539,752.514570895614,1.0052198555647,790.639414987538,573.971767398011,0,0,0.820004764088007,FALSE,TRUE,TRUE,"valide",4,500,500,2000,0.98,12,"dense_e",FALSE
"constant_weights",8,408207,"legere",263.945837974548,1.00832450278251,743.41184240593,684.66745364353,1.00700864325343,823.797585536912,684.66745364353,1.00832450278251,743.41184240593,771.117356583757,0,0,0.795938888549651,FALSE,TRUE,TRUE,"valide",4,500,500,2000,0.98,12,"dense_e",FALSE
"constant_weights",9,408294,"legere",265.729326963425,1.00734386486931,828.195642578139,623.663383263901,1.00709593890732,865.539420379352,623.663383263901,1.00734386486931,828.195642578139,705.391103371446,0,0,0.748128082670314,FALSE,TRUE,TRUE,"valide",4,500,500,2000,0.98,12,"dense_e",FALSE
"constant_weights",10,407597,"legere",259.32658290863,1.00793014667053,887.719369941043,556.747570559395,1.00793014667053,887.719369941043,556.747570559395,1.00471033640907,1004.35513025505,814.222822228371,0,0,0.709494188416338,FALSE,TRUE,TRUE,"valide",4,500,500,2000,0.98,12,"dense_e",FALSE
"constant_weights",11,407684,"legere",276.080318927765,1.0061391821393,915.107215621332,742.91427767005,1.00562885001459,915.107215621332,841.83238598873,1.0061391821393,1280.41703833784,742.91427767005,0,0,0.833577274023751,FALSE,TRUE,TRUE,"valide",4,500,500,2000,0.98,12,"dense_e",FALSE
"constant_weights",12,407771,"legere",260.188709020615,1.0051434934402,955.447390479098,830.576985232479,1.00475339887091,955.447390479098,830.576985232479,1.0051434934402,1141.51181758072,1076.66988313529,0,0,0.815463869883658,FALSE,TRUE,TRUE,"valide",4,500,500,2000,0.98,12,"dense_e",FALSE
"constant_weights",13,407858,"legere",300.756226062775,1.00523791008812,782.834158139242,838.999131997294,1.00338067799376,782.834158139242,853.633824289288,1.00523791008812,904.120069330365,838.999131997294,0,0,0.79402454286215,FALSE,TRUE,TRUE,"valide",4,500,500,2000,0.98,12,"dense_e",FALSE
"constant_weights",14,407945,"legere",259.244030952454,1.01007293264321,929.15921920447,790.681691367492,1.01007293264321,929.15921920447,790.681691367492,1.00419181665062,1003.94200736042,862.865803725531,0,0,0.83036102039906,FALSE,FALSE,TRUE,"valide",4,500,500,2000,0.98,12,"dense_e",FALSE
"constant_weights",15,408032,"legere",284.018648147583,1.00772857376774,618.3099754257,480.615512037115,1.00696362203867,618.3099754257,480.615512037115,1.00772857376774,977.222437260849,990.916323356839,0,0,0.804357279816784,FALSE,TRUE,TRUE,"valide",4,500,500,2000,0.98,12,"dense_e",FALSE
"constant_weights",16,408119,"legere",270.579530000687,1.00584834044882,626.275657494598,704.175201032855,1.00584834044882,626.275657494598,704.175201032855,1.00472837168907,1023.3125825862,807.396727779666,0,0,0.753736800847548,FALSE,TRUE,TRUE,"valide",4,500,500,2000,0.98,12,"dense_e",FALSE
"constant_weights",17,408206,"legere",230.851352930069,1.00764716745093,792.27558741482,648.310748204637,1.00764716745093,792.27558741482,649.821154664382,1.00546605826496,1271.63021935771,648.310748204637,0,0,0.867539125067721,FALSE,TRUE,TRUE,"valide",4,500,500,2000,0.98,12,"dense_e",FALSE
"constant_weights",18,408293,"legere",244.405213117599,1.00606728172256,873.420536299174,731.220608704479,1.00606728172256,873.420536299174,731.220608704479,1.00315029329637,1091.98785375606,792.973471750724,0,0,0.8627544867442,FALSE,TRUE,TRUE,"valide",4,500,500,2000,0.98,12,"dense_e",FALSE
"constant_weights",19,408380,"legere",288.336024045944,1.00673648867661,935.689477030078,785.835021625881,1.00554403016895,935.689477030078,785.835021625881,1.00673648867661,935.873784580197,911.591044688572,0,0,0.781367069617561,FALSE,TRUE,TRUE,"valide",4,500,500,2000,0.98,12,"dense_e",FALSE
"constant_weights",20,407683,"legere",331.262361049652,1.00615866581714,836.527126175896,914.779640386173,1.00615866581714,836.527126175896,934.207028469404,1.00394030369794,1096.72192888473,914.779640386173,0,0,0.800944208629839,FALSE,TRUE,TRUE,"valide",4,500,500,2000,0.98,12,"dense_e",FALSE
"constant_weights",21,407770,"legere",274.402067899704,1.00398911454987,593.666745806894,637.700370229035,1.00361490335948,593.666745806894,637.700370229035,1.00398911454987,837.525134711848,1028.12749988165,0,0,0.757324384485241,FALSE,TRUE,TRUE,"valide",4,500,500,2000,0.98,12,"dense_e",FALSE
"constant_weights",22,407857,"legere",290.472292900085,1.00544499837726,748.232873595968,622.361100739558,1.0052072726044,852.723072542568,622.361100739558,1.00544499837726,748.232873595968,677.96605515872,0,0,0.742166751905738,FALSE,TRUE,TRUE,"valide",4,500,500,2000,0.98,12,"dense_e",FALSE
"constant_weights",23,407944,"legere",386.246117115021,1.00721133971147,849.144244115465,1034.77697956001,1.00613998114977,849.144244115465,1063.44269660608,1.00721133971147,953.753065335959,1034.77697956001,0,0,0.814733277301046,FALSE,TRUE,TRUE,"valide",4,500,500,2000,0.98,12,"dense_e",FALSE
"constant_weights",24,408031,"legere",286.525316953659,1.00569319815668,907.203864664538,803.10044300159,1.00569319815668,907.203864664538,854.735916105112,1.00514730846511,1084.22115856407,803.10044300159,0,0,0.817360496779973,FALSE,TRUE,TRUE,"valide",4,500,500,2000,0.98,12,"dense_e",FALSE
"constant_weights",25,408118,"legere",262.816184043884,1.00709655186474,704.983268146388,508.414857199608,1.00704408250919,704.983268146388,508.414857199608,1.00709655186474,905.731798423859,743.301793343993,0,0,0.773328792096228,FALSE,TRUE,TRUE,"valide",4,500,500,2000,0.98,12,"dense_e",FALSE
"constant_weights",26,408205,"legere",296.278332948685,1.00922041733767,769.249014958672,761.56287154104,1.00374843506508,769.249014958672,761.56287154104,1.00922041733767,1149.38162991881,1145.28523690771,0,0,0.783654872361838,FALSE,TRUE,TRUE,"valide",4,500,500,2000,0.98,12,"dense_e",FALSE
"constant_weights",27,430107,"complete",499.240704059601,1.00238105990551,1111.05175117357,1185.74204118774,1.00201250677121,1111.05175117357,1185.74204118774,1.00238105990551,1503.96064716525,1656.86502308628,0,0,0.701446441656949,FALSE,TRUE,TRUE,"valide",4,1000,1000,4000,0.99,12,"dense_e",FALSE
"constant_weights",28,408379,"legere",308.631674051285,1.00577392360446,792.170639021012,662.926175334848,1.00577392360446,792.170639021012,662.926175334848,1.00401031934503,951.44695938847,831.097426033525,0,0,0.829392152938083,FALSE,TRUE,TRUE,"valide",4,500,500,2000,0.98,12,"dense_e",FALSE
"constant_weights",29,408466,"legere",280.66675901413,1.006319279629,668.918656684019,509.14420986041,1.00417501778769,668.918656684019,509.14420986041,1.006319279629,1022.9158779907,887.142892292515,0,0,0.862064755962129,FALSE,TRUE,TRUE,"valide",4,500,500,2000,0.98,12,"dense_e",FALSE
"constant_weights",30,407769,"legere",283.22368311882,1.00608462667442,822.051261565489,792.412201835656,1.00608462667442,822.051261565489,792.412201835656,1.00560480225688,940.009309328412,823.714967271586,0,0,0.85289331455795,FALSE,TRUE,TRUE,"valide",4,500,500,2000,0.98,12,"dense_e",FALSE
"horizon_only",1,370483,"legere",245.161877155304,1.00566119395766,726.370473305141,816.522471599377,1.00566119395766,726.370473305141,816.522471599377,1.00328903449943,944.906044181711,1060.99492881797,0,0,0.889820246568407,FALSE,TRUE,TRUE,"valide",4,500,500,2000,0.98,12,"dense_e",FALSE
"horizon_only",2,370566,"legere",284.72380399704,1.00568000731251,965.531961493973,695.705649143167,1.00568000731251,965.531961493973,773.6665857752,1.00500799048024,1248.30466246497,695.705649143167,0,0,0.80090707028024,FALSE,TRUE,TRUE,"valide",4,500,500,2000,0.98,12,"dense_e",FALSE
"horizon_only",3,370649,"legere",257.45413517952,1.00955507939618,728.478997348539,686.987896340849,1.00955507939618,728.478997348539,686.987896340849,1.00579798098951,931.975587356195,763.507023442687,0,0,0.791369110611073,FALSE,TRUE,TRUE,"valide",4,500,500,2000,0.98,12,"dense_e",FALSE
"horizon_only",4,391631,"complete",493.44024181366,1.00250362128909,1955.20080256435,1513.11397412358,1.00219094773659,1955.20080256435,1513.11397412358,1.00250362128909,2776.78066101928,2222.6818292875,0,0,0.83281534799523,FALSE,TRUE,TRUE,"valide",4,1000,1000,4000,0.99,12,"dense_e",FALSE
"horizon_only",5,370815,"legere",268.639366865158,1.00547107570153,854.447606898755,484.079359046065,1.00432979931854,854.447606898755,484.079359046065,1.00547107570153,1025.30211946159,732.183394413957,0,0,0.758050426914744,FALSE,TRUE,TRUE,"valide",4,500,500,2000,0.98,12,"dense_e",FALSE
"horizon_only",6,370898,"legere",333.035390138626,1.00524122082754,607.617837254916,583.22044411171,1.00524122082754,607.617837254916,583.22044411171,1.00463701852446,782.457803505495,658.955309657864,0,0,0.728094550224859,FALSE,TRUE,TRUE,"valide",4,500,500,2000,0.98,12,"dense_e",FALSE
"horizon_only",7,370981,"legere",261.629164934158,1.00390253477056,683.376301237322,587.425286960542,1.00390253477056,685.436741921604,587.425286960542,1.00387145452302,683.376301237322,888.100969089765,0,0,0.772141754013843,FALSE,TRUE,TRUE,"valide",4,500,500,2000,0.98,12,"dense_e",FALSE
"horizon_only",8,371064,"legere",288.890680074692,1.00531861272331,737.050616622547,830.446166590126,1.00531861272331,737.050616622547,830.446166590126,1.0053087750519,1126.41114513361,937.98516385024,0,0,0.826200082696884,FALSE,TRUE,TRUE,"valide",4,500,500,2000,0.98,12,"dense_e",FALSE
"horizon_only",9,371147,"legere",239.072679042816,1.01158272876138,505.722777128154,581.860000208511,1.01158272876138,505.722777128154,581.860000208511,1.0063566240921,912.159958772796,937.461234731389,0,0,0.758406287868796,FALSE,FALSE,TRUE,"valide",4,500,500,2000,0.98,12,"dense_e",FALSE
"horizon_only",10,391381,"complete",470.161792993546,1.00343533720858,1383.506842056,899.956435014228,1.00343533720858,1383.506842056,899.956435014228,1.00300368874544,2072.06088480627,1982.75451074478,0,0,0.843291218623572,FALSE,TRUE,TRUE,"valide",4,1000,1000,4000,0.99,12,"dense_e",FALSE
"horizon_only",11,370565,"legere",289.468341827393,1.00590030563355,878.44610537716,845.610927801588,1.00590030563355,878.44610537716,913.853188571765,1.00514444038558,1153.96649374084,845.610927801588,0,0,0.90982449242474,FALSE,TRUE,TRUE,"valide",4,500,500,2000,0.98,12,"dense_e",FALSE
"horizon_only",12,391547,"complete",515.398470163345,1.0035019515837,1412.33251612219,1167.43851345361,1.00273195218488,1412.33251612219,1167.43851345361,1.0035019515837,1983.08664852401,1728.22020206545,0,0,0.742776755261798,FALSE,TRUE,TRUE,"valide",4,1000,1000,4000,0.99,12,"dense_e",FALSE
"horizon_only",13,370731,"legere",243.328242063522,1.0043221992457,673.903767697107,464.301871404084,1.00348792918989,673.903767697107,464.301871404084,1.0043221992457,788.100862144332,703.690079889166,0,0,0.65419134440962,FALSE,TRUE,TRUE,"valide",4,500,500,2000,0.98,12,"dense_e",FALSE
"horizon_only",14,370814,"legere",303.997086048126,1.00755482280108,763.298322633712,662.707920474093,1.0074410584414,763.298322633712,662.707920474093,1.00755482280108,1063.56598180528,794.279339998631,0,0,0.783467093953417,FALSE,TRUE,TRUE,"valide",4,500,500,2000,0.98,12,"dense_e",FALSE
"horizon_only",15,370897,"legere",247.941029071808,1.00546553615542,846.629710297485,644.104793052981,1.00447329606636,846.629710297485,644.104793052981,1.00546553615542,1154.18697690604,885.744087610135,0,0,0.813078344704128,FALSE,TRUE,TRUE,"valide",4,500,500,2000,0.98,12,"dense_e",FALSE
"horizon_only",16,370980,"legere",271.019911050797,1.00811205363124,920.523896590468,676.669565577166,1.00811205363124,920.523896590468,1041.74403939794,1.00749089270426,933.85482182511,676.669565577166,0,0,0.74356515071677,FALSE,TRUE,TRUE,"valide",4,500,500,2000,0.98,12,"dense_e",FALSE
"horizon_only",17,371063,"legere",281.363162994385,1.0053621528928,692.191720275009,542.502992564318,1.00527602924186,692.191720275009,542.502992564318,1.0053621528928,904.393147595466,907.667193263142,0,0,0.76319462518531,FALSE,TRUE,TRUE,"valide",4,500,500,2000,0.98,12,"dense_e",FALSE
"horizon_only",18,371146,"legere",332.76837682724,1.00577388045483,783.111112522025,728.703020617992,1.00556721550414,783.111112522025,728.703020617992,1.00577388045483,893.011408608515,822.146794045875,0,0,0.870203303283571,FALSE,TRUE,TRUE,"valide",4,500,500,2000,0.98,12,"dense_e",FALSE
"horizon_only",19,371229,"legere",240.836952924728,1.00639646464412,612.243975664405,789.344566413979,1.00546666754907,612.243975664405,789.344566413979,1.00639646464412,1022.74578090203,828.187296205153,0,0,0.738149904873323,FALSE,TRUE,TRUE,"valide",4,500,500,2000,0.98,12,"dense_e",FALSE
"horizon_only",20,370564,"legere",249.625876188278,1.00421578226863,803.990863157335,568.082774914318,1.00421578226863,803.990863157335,568.082774914318,1.00332813552011,1070.2675007588,865.890931877641,0,0,0.743099464157407,FALSE,TRUE,TRUE,"valide",4,500,500,2000,0.98,12,"dense_e",FALSE
"horizon_only",21,370647,"legere",282.415819168091,1.00470692896297,856.093636124459,793.799128762273,1.00340671330547,856.093636124459,793.799128762273,1.00470692896297,1264.63785691179,964.501002252137,0,0,0.863228923908604,FALSE,TRUE,TRUE,"valide",4,500,500,2000,0.98,12,"dense_e",FALSE
"horizon_only",22,370730,"legere",235.845914125443,1.00633936132897,774.1959723554,584.429806563762,1.00633936132897,774.1959723554,584.429806563762,1.00501602496195,895.268218195141,694.186279147818,0,0,0.819156878075338,FALSE,TRUE,TRUE,"valide",4,500,500,2000,0.98,12,"dense_e",FALSE
"horizon_only",23,370813,"legere",283.653854131699,1.0132363532338,500.876871651408,561.49854663432,1.0132363532338,500.876871651408,561.49854663432,1.00568078385858,1016.77582857668,796.285969038856,0,0,0.742038714946459,FALSE,FALSE,TRUE,"valide",4,500,500,2000,0.98,12,"dense_e",FALSE
"horizon_only",24,370896,"legere",289.457097053528,1.00391978381375,932.310836346324,890.846966312392,1.00336415487822,932.310836346324,890.846966312392,1.00391978381375,1355.59431376726,1024.67922389655,0,0,0.86514341636765,FALSE,TRUE,TRUE,"valide",4,500,500,2000,0.98,12,"dense_e",FALSE
"horizon_only",25,370979,"legere",223.521935939789,1.010729055646,836.822377396971,854.952403468217,1.010729055646,910.090156989283,864.483246857164,1.00665918185254,836.822377396971,854.952403468217,0,0,0.724264298046093,FALSE,FALSE,TRUE,"valide",4,500,500,2000,0.98,12,"dense_e",FALSE
"horizon_only",26,371062,"legere",227.404888868332,1.00674056840321,851.706199958683,506.967151627931,1.00628242718955,851.706199958683,506.967151627931,1.00674056840321,962.101316824872,1056.47315037126,0,0,0.83730627169322,FALSE,TRUE,TRUE,"valide",4,500,500,2000,0.98,12,"dense_e",FALSE
"horizon_only",27,371145,"legere",289.058876991272,1.00392873620073,717.38563004559,704.491359422529,1.00368174067586,717.38563004559,704.491359422529,1.00392873620073,969.808705010533,964.717662630296,0,0,0.793256102193482,FALSE,TRUE,TRUE,"valide",4,500,500,2000,0.98,12,"dense_e",FALSE
"horizon_only",28,371228,"legere",242.469774961472,1.00630741964891,788.903822156754,634.083532120286,1.00630741964891,788.903822156754,636.312967133803,1.00389199406769,931.624811393409,634.083532120286,0,0,0.828469272264699,FALSE,TRUE,TRUE,"valide",4,500,500,2000,0.98,12,"dense_e",FALSE
"horizon_only",29,371311,"legere",251.886873960495,1.00648224880551,861.476426088545,818.231471887304,1.00648224880551,861.476426088545,818.231471887304,1.00446025922378,1222.18881608171,909.183368458841,0,0,0.879185114977943,FALSE,TRUE,TRUE,"valide",4,500,500,2000,0.98,12,"dense_e",FALSE
"horizon_only",30,370646,"legere",256.534517049789,1.00748650791967,694.488851315407,766.141345541013,1.00748650791967,694.488851315407,766.141345541013,1.00540030471037,906.642763380386,974.496469437418,0,0,0.771808072504278,FALSE,TRUE,TRUE,"valide",4,500,500,2000,0.98,12,"dense_e",FALSE
"age_horizon",1,358402,"legere",412.281205892563,1.00591248688879,882.634459794469,657.17542836898,1.00428220836288,882.634459794469,822.215380361728,1.00591248688879,1014.73521963838,657.17542836898,0,0,0.828110012038589,FALSE,TRUE,TRUE,"valide",4,500,500,2000,0.98,12,"dense_e",FALSE
"age_horizon",2,358484,"legere",496.768842935562,1.00680449719187,518.740683621305,527.803014550846,1.00620546130389,518.740683621305,527.803014550846,1.00680449719187,544.899935926655,818.895218823665,0,0,0.735995552344367,FALSE,TRUE,TRUE,"valide",4,500,500,2000,0.98,12,"dense_e",FALSE
"age_horizon",3,358566,"legere",365.823984861374,1.00768098330588,680.94746957599,430.195158614507,1.00389947251793,680.94746957599,430.195158614507,1.00768098330588,931.359255984297,835.778229979513,0,0,0.863384579267619,FALSE,TRUE,TRUE,"valide",4,500,500,2000,0.98,12,"dense_e",FALSE
"age_horizon",4,358648,"legere",414.730176925659,1.00596275252119,830.175792704528,539.190930089193,1.00596275252119,830.175792704528,539.190930089193,1.00513335620584,1063.73940166904,986.500397702279,0,0,0.857332283333905,FALSE,TRUE,TRUE,"valide",4,500,500,2000,0.98,12,"dense_e",FALSE
"age_horizon",5,358730,"legere",420.808050870895,1.01206636436417,579.194644832532,404.022058329918,1.01206636436417,579.194644832532,404.022058329918,1.01161436799488,683.924897011498,921.780485593684,0,0,0.861892043886525,FALSE,FALSE,TRUE,"valide",4,500,500,2000,0.98,12,"dense_e",FALSE
"age_horizon",6,358812,"legere",384.309860944748,1.0062729194818,778.707167567063,404.98379446869,1.0062729194818,778.707167567063,404.98379446869,1.00538081825857,936.333861424105,866.093249394047,0,0,0.755987349353286,FALSE,TRUE,TRUE,"valide",4,500,500,2000,0.98,12,"dense_e",FALSE
"age_horizon",7,358894,"legere",430.172945022583,1.00654516201608,772.435801192992,551.286615645779,1.00654516201608,772.435801192992,551.286615645779,1.00633474356039,907.684480424909,714.834235829146,0,0,0.813438562948905,FALSE,TRUE,TRUE,"valide",4,500,500,2000,0.98,12,"dense_e",FALSE
"age_horizon",8,358976,"legere",381.925927877426,1.00628692258235,952.916185247794,902.282967842475,1.00499681314759,952.916185247794,902.282967842475,1.00628692258235,1072.20476214202,938.934750994936,0,0,0.847812648066553,FALSE,TRUE,TRUE,"valide",4,500,500,2000,0.98,12,"dense_e",FALSE
"age_horizon",9,379728,"complete",787.831811904907,1.00329059507851,1398.80580089952,944.321205867164,1.00329059507851,1398.80580089952,944.321205867164,1.00252780229917,1870.40521659485,1480.77301710036,0,0,0.831546845938833,FALSE,TRUE,TRUE,"valide",4,1000,1000,4000,0.99,12,"dense_e",FALSE
"age_horizon",10,358401,"legere",596.515804052353,1.01466928530727,574.979776483315,669.042035959563,1.01152658784235,574.979776483315,669.042035959563,1.01466928530727,661.648666080073,720.743021812249,0,0,0.556572972658793,FALSE,FALSE,TRUE,"valide",4,500,500,2000,0.98,12,"dense_e",FALSE
"age_horizon",11,358483,"legere",583.958093881607,1.00588809806507,611.947969505194,739.026035413203,1.00571098329776,611.947969505194,739.026035413203,1.00588809806507,840.391835985365,944.013616768327,0,0,0.742937692723325,FALSE,TRUE,TRUE,"valide",4,500,500,2000,0.98,12,"dense_e",FALSE
"age_horizon",12,358565,"legere",604.212608098984,1.00699658806867,1046.27690717022,707.967083851044,1.00516884099477,1046.27690717022,789.731811255155,1.00699658806867,1101.52581146375,707.967083851044,0,0,0.857175332801825,FALSE,TRUE,TRUE,"valide",4,500,500,2000,0.98,12,"dense_e",FALSE
"age_horizon",13,358647,"legere",598.747442960739,1.00731906424599,596.882223085318,623.768337071589,1.00731906424599,596.882223085318,623.768337071589,1.00435891601936,907.569000299867,829.814999709886,0,0,0.759069841797953,FALSE,TRUE,TRUE,"valide",4,500,500,2000,0.98,12,"dense_e",FALSE
"age_horizon",14,358729,"legere",316.846893072128,1.00651739330968,621.093689428264,757.355884354465,1.00549744000594,621.093689428264,757.355884354465,1.00651739330968,852.705288216885,793.233458272745,0,0,0.777811748612731,FALSE,TRUE,TRUE,"valide",4,500,500,2000,0.98,12,"dense_e",FALSE
"age_horizon",15,358811,"legere",225.80556511879,1.00450197941484,789.241492661855,540.756978145177,1.00450197941484,789.241492661855,540.756978145177,1.00448269788411,1088.33407901201,839.275724767309,0,0,0.721312356489734,FALSE,TRUE,TRUE,"valide",4,500,500,2000,0.98,12,"dense_e",FALSE
"age_horizon",16,379563,"complete",436.379148006439,1.00307286607235,1707.46563801522,1140.68817039926,1.00307286607235,1707.46563801522,1140.68817039926,1.00300225135238,2479.64203827272,2079.52173759237,0,0,0.854472671671895,FALSE,TRUE,TRUE,"valide",4,1000,1000,4000,0.99,12,"dense_e",FALSE
"age_horizon",17,379645,"complete",487.913667917252,1.00356516408979,1173.32210241628,862.584617357815,1.0034342901464,1173.32210241628,862.584617357815,1.00356516408979,1756.49813622641,1856.81184449074,0,0,0.784373147676515,FALSE,TRUE,TRUE,"valide",4,1000,1000,4000,0.99,12,"dense_e",FALSE
"age_horizon",18,359057,"legere",247.550769090652,1.00985957931383,774.477414595642,512.473067543957,1.00659889705125,774.477414595642,512.473067543957,1.00985957931383,978.083150738696,908.137992593348,0,0,0.77303466546317,FALSE,TRUE,TRUE,"valide",4,500,500,2000,0.98,12,"dense_e",FALSE
"age_horizon",19,379809,"complete",446.587259054184,1.00325324590317,1656.98887470756,870.149958196129,1.00279650538184,1656.98887470756,870.149958196129,1.00325324590317,1722.3403204383,1521.49553704672,0,0,0.737408858434738,FALSE,TRUE,TRUE,"valide",4,1000,1000,4000,0.99,12,"dense_e",FALSE
"age_horizon",20,358482,"legere",351.199521064758,1.00622580407623,627.986131765614,583.507102010382,1.00622580407623,627.986131765614,583.507102010382,1.0060133157611,820.14228458561,590.593638536847,0,0,0.835870459153344,FALSE,TRUE,TRUE,"valide",4,500,500,2000,0.98,12,"dense_e",FALSE
"age_horizon",21,358564,"legere",286.367024183273,1.00894255323667,624.487251578156,676.727676407365,1.00894255323667,769.154087000437,676.727676407365,1.00685164041626,624.487251578156,738.844029270557,0,0,0.80929049934692,FALSE,TRUE,TRUE,"valide",4,500,500,2000,0.98,12,"dense_e",FALSE
"age_horizon",22,358646,"legere",546.932220935822,1.00754736646347,609.169441797114,461.787216213709,1.00754736646347,609.169441797114,461.787216213709,1.00595860723825,787.754479054484,876.040925670431,0,0,0.749923184846719,FALSE,TRUE,TRUE,"valide",4,500,500,2000,0.98,12,"dense_e",FALSE
"age_horizon",23,358728,"legere",330.244798898697,1.01100405278311,571.185089070147,789.641587551748,1.01100405278311,571.185089070147,795.592245419402,1.00404878404869,931.769061983727,789.641587551748,0,0,0.813624916754573,FALSE,FALSE,TRUE,"valide",4,500,500,2000,0.98,12,"dense_e",FALSE
"age_horizon",24,379480,"complete",605.900427103043,1.00806760351421,1311.15901660153,1181.16378294249,1.00708286267289,1311.15901660153,1181.16378294249,1.00806760351421,1458.62993963946,1566.79330952831,0,0,0.719753555528558,FALSE,TRUE,TRUE,"valide",4,1000,1000,4000,0.99,12,"dense_e",FALSE
"age_horizon",25,358892,"legere",418.17969083786,1.00678264843678,581.03292707163,537.01087148455,1.00536482485462,581.03292707163,537.01087148455,1.00678264843678,839.009803010071,852.704134710379,0,0,0.756211974631839,FALSE,TRUE,TRUE,"valide",4,500,500,2000,0.98,12,"dense_e",FALSE
"age_horizon",26,358974,"legere",305.055912017822,1.00599997097364,682.46908247541,453.493893847896,1.00599997097364,682.46908247541,453.493893847896,1.00504392575017,820.920572280205,844.953373007281,0,0,0.725470028612078,FALSE,TRUE,TRUE,"valide",4,500,500,2000,0.98,12,"dense_e",FALSE
"age_horizon",27,359056,"legere",266.341823101044,1.00564140679991,812.278284029102,713.199218760102,1.00430995754271,812.278284029102,713.199218760102,1.00564140679991,1109.66995230896,796.737874914664,0,0,0.741346793660888,FALSE,TRUE,TRUE,"valide",4,500,500,2000,0.98,12,"dense_e",FALSE
"age_horizon",28,359138,"legere",412.442875146866,1.00752564977099,646.007847136263,570.407336539326,1.00531506633461,646.494238128518,699.262860560479,1.00752564977099,646.007847136263,570.407336539326,0,0,0.738497735244547,FALSE,TRUE,TRUE,"valide",4,500,500,2000,0.98,12,"dense_e",FALSE
"age_horizon",29,359220,"legere",526.549509048462,1.00624227529732,767.424408232781,626.303552772586,1.00624227529732,840.093201007432,626.303552772586,1.00560908672484,767.424408232781,802.85048195914,0,0,0.794016307773136,FALSE,TRUE,TRUE,"valide",4,500,500,2000,0.98,12,"dense_e",FALSE
"age_horizon",30,358563,"legere",492.300374984741,1.00616152875287,714.188086996425,585.737460005789,1.00427260441545,818.884372659991,585.737460005789,1.00616152875287,714.188086996425,606.940814187509,0,0,0.775273582605488,FALSE,TRUE,TRUE,"valide",4,500,500,2000,0.98,12,"dense_e",FALSE
"low_information",1,397678,"legere",286.474117994308,1.00645913010126,1608.7632153408,851.592476748848,1.00645913010126,1608.7632153408,851.592476748848,1.00399407186094,1727.48219721317,1192.79759272261,0,0,0.893362651288481,FALSE,TRUE,TRUE,"valide",4,500,500,2000,0.98,12,"dense_e",FALSE
"low_information",2,397764,"legere",247.641451120377,1.00456202442083,1496.04317406952,813.735186580498,1.00423494102503,1496.04317406952,813.735186580498,1.00456202442083,1543.15968229387,1345.59889822595,0,0,0.930011783079356,FALSE,TRUE,TRUE,"valide",4,500,500,2000,0.98,12,"dense_e",FALSE
"low_information",3,397850,"legere",234.671756029129,1.00775583276734,1206.4547315879,766.501357082022,1.00775583276734,1206.4547315879,766.501357082022,1.00335356980622,1635.39778729352,1302.07376822953,0,0,0.885618434764691,FALSE,TRUE,TRUE,"valide",4,500,500,2000,0.98,12,"dense_e",FALSE
"low_information",4,397936,"legere",349.951164007187,1.00510306492758,1435.27049333171,967.709522738279,1.00510306492758,1435.27049333171,967.709522738279,1.00368418975428,1660.79520207015,1360.73698888076,0,0,1.01183694238701,FALSE,TRUE,TRUE,"valide",4,500,500,2000,0.98,12,"dense_e",FALSE
"low_information",5,398022,"legere",287.5582280159,1.00352377392055,1204.28814080468,705.137294527455,1.00243449535502,1204.28814080468,705.137294527455,1.00352377392055,1563.42594915661,1381.64807719343,0,0,0.928950736039692,FALSE,TRUE,TRUE,"valide",4,500,500,2000,0.98,12,"dense_e",FALSE
"low_information",6,398108,"legere",263.784874916077,1.01181959807075,1208.21211322327,889.16797687888,1.01181959807075,1208.21211322327,889.16797687888,1.0059665128168,1700.6361137325,1405.3018362227,0,0,0.877660189455463,FALSE,FALSE,TRUE,"valide",4,500,500,2000,0.98,12,"dense_e",FALSE
"low_information",7,398194,"legere",261.059470891953,1.00420299658204,1547.48450776524,932.761550261527,1.00420299658204,1547.48450776524,932.761550261527,1.00311388617774,1704.16467857481,1349.78976548036,0,0,0.894570280877109,FALSE,TRUE,TRUE,"valide",4,500,500,2000,0.98,12,"dense_e",FALSE
"low_information",8,398280,"legere",227.053274869919,1.00550304897323,1330.98124571656,934.620098670017,1.00550304897323,1330.98124571656,934.620098670017,1.00336242225157,1591.9309827848,1407.71619573655,0,0,0.826825243863975,FALSE,TRUE,TRUE,"valide",4,500,500,2000,0.98,12,"dense_e",FALSE
"low_information",9,398366,"legere",289.024971008301,1.00509660000509,1545.45359743842,765.429985805445,1.00509660000509,1545.45359743842,765.429985805445,1.00290706008701,1659.71593376052,1103.2140969607,0,0,0.845084400644467,FALSE,TRUE,TRUE,"valide",4,500,500,2000,0.98,12,"dense_e",FALSE
"low_information",10,397677,"legere",181.538770198822,1.00653146219725,853.750369249431,448.707277509305,1.00653146219725,853.750369249431,448.707277509305,1.00413217577579,1470.47088437377,1386.43418417594,0,0,0.918026456483801,FALSE,TRUE,TRUE,"valide",4,500,500,2000,0.98,12,"dense_e",FALSE
"low_information",11,397763,"legere",228.895828008652,1.00605911831639,1490.9490154906,755.799455890087,1.00605911831639,1490.9490154906,755.799455890087,1.00339195773122,1567.24536859343,1421.28104656327,0,0,0.939790240500041,FALSE,TRUE,TRUE,"valide",4,500,500,2000,0.98,12,"dense_e",FALSE
"low_information",12,397849,"legere",185.631911039352,1.00362447764002,948.504059046673,725.893638406416,1.00345523894497,948.504059046673,725.893638406416,1.00362447764002,1509.59457230444,1304.84127182542,0,0,0.916245764187624,FALSE,TRUE,TRUE,"valide",4,500,500,2000,0.98,12,"dense_e",FALSE
"low_information",13,397935,"legere",196.444104909897,1.00466592015907,1084.38364413095,706.129610259036,1.00466592015907,1084.38364413095,706.129610259036,1.0033486803903,1455.94741044929,1317.31236164327,0,0,0.846976838252902,FALSE,TRUE,TRUE,"valide",4,500,500,2000,0.98,12,"dense_e",FALSE
"low_information",14,398021,"legere",227.694304943085,1.00609774409325,1308.84259929439,731.280346184629,1.00609774409325,1308.84259929439,731.280346184629,1.00352530234692,1666.81775137158,1215.28506380897,0,0,0.779630619310053,FALSE,TRUE,TRUE,"valide",4,500,500,2000,0.98,12,"dense_e",FALSE
"low_information",15,398107,"legere",185.860924959183,1.00389377067024,1541.94772878761,810.437990141152,1.00385470536706,1541.94772878761,810.437990141152,1.00389377067024,1572.11295259885,1260.9340288361,0,0,0.841301082630503,FALSE,TRUE,TRUE,"valide",4,500,500,2000,0.98,12,"dense_e",FALSE
"low_information",16,398193,"legere",209.336672067642,1.00781873719257,1086.20036255872,712.374344323333,1.00781873719257,1086.20036255872,712.374344323333,1.00404049112066,1855.58918910183,1276.80339370416,0,0,0.854367700372655,FALSE,TRUE,TRUE,"valide",4,500,500,2000,0.98,12,"dense_e",FALSE
"low_information",17,398279,"legere",208.171487808228,1.00421895715275,983.673372480204,634.970792698745,1.00421895715275,983.673372480204,634.970792698745,1.00368017961178,1556.34616935793,1342.09752603419,0,0,0.883671868111206,FALSE,TRUE,TRUE,"valide",4,500,500,2000,0.98,12,"dense_e",FALSE
"low_information",18,398365,"legere",258.337792158127,1.00535914205827,1131.91247611706,683.863120225447,1.00349921505035,1131.91247611706,683.863120225447,1.00535914205827,1243.08029399277,1341.92919987293,0,0,0.933644214413898,FALSE,TRUE,TRUE,"valide",4,500,500,2000,0.98,12,"dense_e",FALSE
"low_information",19,398451,"legere",169.353945016861,1.00747571122609,1002.75771338086,696.731736368351,1.00457831965435,1002.75771338086,696.731736368351,1.00747571122609,1277.30869051423,1270.16363363742,0,0,0.966665156016468,FALSE,TRUE,TRUE,"valide",4,500,500,2000,0.98,12,"dense_e",FALSE
"low_information",20,397762,"legere",209.332099914551,1.00435901541707,1504.06161443494,855.793295052228,1.00269415048029,1628.11747618261,855.793295052228,1.00435901541707,1504.06161443494,1316.82069744745,0,0,0.932217143987732,FALSE,TRUE,TRUE,"valide",4,500,500,2000,0.98,12,"dense_e",FALSE
"low_information",21,397848,"legere",245.013487815857,1.00734722456251,1446.87030984421,731.359446467069,1.00734722456251,1554.53841773813,731.359446467069,1.00333021065195,1446.87030984421,1133.82077800682,0,0,0.879570557978689,FALSE,TRUE,TRUE,"valide",4,500,500,2000,0.98,12,"dense_e",FALSE
"low_information",22,397934,"legere",209.396576881409,1.00348726073981,1375.92452902301,575.028916153145,1.00348726073981,1375.92452902301,575.028916153145,1.00332345542106,1609.53684737554,1414.0629650016,0,0,0.838074365433861,FALSE,TRUE,TRUE,"valide",4,500,500,2000,0.98,12,"dense_e",FALSE
"low_information",23,398020,"legere",209.475995063782,1.00348062775906,1203.04144619363,733.162364688131,1.00348062775906,1203.04144619363,733.162364688131,1.00326383245952,1546.13911241513,1238.5170776277,0,0,0.868773600614037,FALSE,TRUE,TRUE,"valide",4,500,500,2000,0.98,12,"dense_e",FALSE
"low_information",24,398106,"legere",168.917430877686,1.00621079320626,1219.25413553188,706.868985711027,1.00425506294019,1219.25413553188,706.868985711027,1.00621079320626,1611.92193605084,1443.97934906628,0,0,0.917162989759987,FALSE,TRUE,TRUE,"valide",4,500,500,2000,0.98,12,"dense_e",FALSE
"low_information",25,398192,"legere",250.965807914734,1.00468224180103,1415.20776464694,894.566248193651,1.00468224180103,1415.20776464694,894.566248193651,1.00250013183699,1655.53354543454,1250.85819279019,0,0,0.907924670777408,FALSE,TRUE,TRUE,"valide",4,500,500,2000,0.98,12,"dense_e",FALSE
"low_information",26,398278,"legere",206.648379087448,1.00519091994696,1256.77497226267,763.119480548003,1.00519091994696,1256.77497226267,763.119480548003,1.00369729693055,1275.76900389416,1225.60596848192,0,0,0.914522919742444,FALSE,TRUE,TRUE,"valide",4,500,500,2000,0.98,12,"dense_e",FALSE
"low_information",27,398364,"legere",198.750606060028,1.00596966032121,1301.73746404772,761.518667357843,1.00596966032121,1301.73746404772,761.518667357843,1.00347296424912,1732.07503916328,1361.51029707873,0,0,0.930530228986562,FALSE,TRUE,TRUE,"valide",4,500,500,2000,0.98,12,"dense_e",FALSE
"low_information",28,398450,"legere",184.340363025665,1.00933980406906,1328.22815412916,647.633363962487,1.00933980406906,1328.22815412916,647.633363962487,1.00510443676285,1369.82531726405,1246.72946422834,0,0,0.886591616171422,FALSE,TRUE,TRUE,"valide",4,500,500,2000,0.98,12,"dense_e",FALSE
"low_information",29,398536,"legere",229.26278591156,1.00442890148524,1321.84369455755,803.691836497754,1.00442890148524,1321.84369455755,803.691836497754,1.00303980897535,1628.26146993966,1262.13324912075,0,0,0.960549717530064,FALSE,TRUE,TRUE,"valide",4,500,500,2000,0.98,12,"dense_e",FALSE
"low_information",30,397847,"legere",156.345942020416,1.00590597121512,1229.1981776814,728.69346011163,1.00490059626391,1229.1981776814,728.69346011163,1.00590597121512,1705.59006974387,1345.10556377907,0,0,0.914110712938508,FALSE,TRUE,TRUE,"valide",4,500,500,2000,0.98,12,"dense_e",FALSE
